{"type":"FeatureCollection","features":[{"type":"Feature","properties":{"name":"Piemonte","kind":"regione"},"geometry":{"type":"Polygon","coordinates":[[[7.13605,45.27996],[7.10951,45.32702],[7.13188,45.32971],[7.13371,45.34783],[7.16444,45.36068],[7.16328,45.38179],[7.18585,45.40323],[7.12072,45.43165],[7.10034,45.45618],[7.12167,45.50624],[7.1343,45.51546],[7.14302,45.50589],[7.13692,45.49086],[7.14359,45.47783],[7.16033,45.48659],[7.22266,45.47048],[7.24755,45.49407],[7.26373,45.49903],[7.2695,45.51468],[7.32111,45.51403],[7.3593,45.52587],[7.37724,45.5169],[7.42059,45.54657],[7.44796,45.55557],[7.46353,45.57482],[7.48932,45.58311],[7.53177,45.57679],[7.56648,45.59162],[7.5997,45.57809],[7.60907,45.56288],[7.63404,45.57079],[7.6755,45.55235],[7.71893,45.55889],[7.7327,45.55034],[7.82779,45.59707],[7.87918,45.60016],[7.90077,45.59172],[7.89746,45.61253],[7.91504,45.63274],[7.93611,45.6357],[7.9395,45.6437],[7.90479,45.68473],[7.93662,45.72434],[7.929,45.74244],[7.89484,45.75282],[7.86407,45.79004],[7.86233,45.8199],[7.8734,45.82593],[7.86386,45.83958],[7.87558,45.86211],[7.86137,45.91041],[7.87696,45.92643],[7.8684,45.93764],[7.87806,45.9734],[7.90635,45.99413],[7.98891,45.99649],[8.01218,46.01191],[8.01396,46.03261],[8.0332,46.04707],[8.02237,46.0697],[8.03281,46.09757],[8.10805,46.11159],[8.11497,46.13031],[8.15026,46.1413],[8.15058,46.16391],[8.16545,46.18226],[8.139,46.22608],[8.08043,46.26077],[8.13771,46.30161],[8.16365,46.29644],[8.20316,46.30427],[8.22547,46.33513],[8.26108,46.34788],[8.2634,46.36366],[8.28482,46.36505],[8.31454,46.38103],[8.3169,46.39724],[8.29067,46.40747],[8.30601,46.42563],[8.33044,46.42865],[8.3645,46.45114],[8.44654,46.46348],[8.46582,46.44349],[8.45767,46.42236],[8.46853,46.41163],[8.46335,46.38428],[8.46855,46.36487],[8.46202,46.35321],[8.46522,46.33405],[8.42766,46.2984],[8.45625,46.26351],[8.44356,46.24993],[8.46457,46.2444],[8.46922,46.23294],[8.53262,46.2171],[8.54069,46.19767],[8.56372,46.18394],[8.57371,46.16438],[8.60239,46.15363],[8.59245,46.14578],[8.60964,46.13261],[8.61187,46.12145],[8.64769,46.12317],[8.65979,46.11215],[8.71482,46.09804],[8.70548,46.08193],[8.72876,46.02923],[8.72081,46.01229],[8.57163,45.90134],[8.5952,45.83361],[8.58794,45.81893],[8.55557,45.80004],[8.55567,45.77499],[8.59455,45.72977],[8.64287,45.72316],[8.65343,45.71397],[8.6408,45.67681],[8.6812,45.6764],[8.66984,45.66142],[8.68818,45.63699],[8.67865,45.63363],[8.66566,45.64288],[8.65894,45.63775],[8.66309,45.62203],[8.68213,45.62034],[8.70315,45.60006],[8.70444,45.58831],[8.69335,45.57778],[8.70553,45.56915],[8.70776,45.54752],[8.7194,45.53105],[8.71307,45.52013],[8.72789,45.5024],[8.76026,45.49687],[8.77349,45.4847],[8.78749,45.48623],[8.78838,45.46251],[8.80782,45.4477],[8.8081,45.43333],[8.82583,45.43395],[8.82453,45.4195],[8.8429,45.39384],[8.81123,45.38911],[8.80154,45.37918],[8.76495,45.38759],[8.76089,45.37648],[8.71908,45.37808],[8.72109,45.3704],[8.76036,45.35193],[8.74212,45.33206],[8.72477,45.33571],[8.71612,45.30288],[8.69065,45.29253],[8.66489,45.29283],[8.65571,45.32568],[8.63167,45.33838],[8.62519,45.35179],[8.57103,45.34863],[8.55309,45.36147],[8.52638,45.3422],[8.5379,45.31725],[8.51354,45.31328],[8.49834,45.29223],[8.51827,45.2868],[8.51408,45.27432],[8.53511,45.2778],[8.53305,45.25814],[8.54338,45.25328],[8.53601,45.24759],[8.52277,45.25463],[8.5225,45.24924],[8.55618,45.2414],[8.5291,45.23951],[8.54365,45.234],[8.52324,45.2216],[8.54805,45.20412],[8.52451,45.19833],[8.53094,45.19334],[8.5523,45.19642],[8.55688,45.20517],[8.58121,45.20221],[8.54554,45.18294],[8.54297,45.173],[8.55438,45.15736],[8.58205,45.15095],[8.59011,45.13302],[8.6118,45.12753],[8.6091,45.10689],[8.64599,45.07533],[8.63734,45.06612],[8.64525,45.05701],[8.63474,45.04096],[8.65259,45.03431],[8.65907,45.01797],[8.67293,45.02792],[8.69504,45.02323],[8.71006,45.03829],[8.72802,45.02285],[8.75054,45.02073],[8.74788,45.00915],[8.77175,45.00678],[8.7777,45.02373],[8.79834,45.02112],[8.79621,45.03581],[8.8874,45.0598],[8.88106,45.05408],[8.90016,45.04362],[8.89508,45.04043],[8.90437,45.02957],[8.90127,45.00776],[8.91686,44.98812],[8.9256,44.98216],[8.96062,44.98728],[8.97812,44.96721],[8.9696,44.94351],[9.00135,44.90819],[9.03036,44.8885],[9.05522,44.88892],[9.07004,44.8652],[9.049,44.84986],[9.07291,44.82803],[9.07226,44.81748],[9.09515,44.81903],[9.12612,44.80619],[9.16098,44.81474],[9.15969,44.80626],[9.1735,44.79615],[9.17173,44.77168],[9.21355,44.75235],[9.1992,44.68411],[9.20643,44.6602],[9.19804,44.64984],[9.20495,44.59854],[9.15255,44.57422],[9.13519,44.57448],[9.1107,44.58197],[9.10238,44.59285],[9.10353,44.60939],[9.07333,44.62434],[9.04705,44.61466],[9.03876,44.64087],[9.01469,44.66607],[8.97364,44.66315],[8.95952,44.67602],[8.93114,44.67613],[8.90882,44.64764],[8.88262,44.63868],[8.90771,44.61393],[8.91189,44.58003],[8.92169,44.56707],[8.9175,44.56106],[8.89134,44.55063],[8.86861,44.56624],[8.82684,44.5618],[8.82221,44.55025],[8.82877,44.54307],[8.79908,44.53015],[8.79771,44.50025],[8.78766,44.48933],[8.76694,44.49195],[8.76756,44.52496],[8.74975,44.52678],[8.75674,44.53612],[8.73819,44.55177],[8.73295,44.56996],[8.71408,44.58145],[8.68221,44.57547],[8.62386,44.58638],[8.60089,44.56782],[8.59886,44.55872],[8.61354,44.54551],[8.58669,44.52419],[8.57376,44.52332],[8.57616,44.50923],[8.55908,44.50325],[8.53679,44.51299],[8.4818,44.51084],[8.47066,44.52248],[8.45315,44.50988],[8.4495,44.49739],[8.41613,44.51236],[8.39998,44.50222],[8.39243,44.47705],[8.35953,44.465],[8.34918,44.48555],[8.32164,44.48802],[8.3048,44.50347],[8.27626,44.50668],[8.25278,44.52875],[8.22416,44.51417],[8.2162,44.4973],[8.22332,44.48567],[8.19794,44.47072],[8.19574,44.46427],[8.21026,44.45552],[8.20715,44.44814],[8.22168,44.43271],[8.20636,44.40427],[8.14952,44.38479],[8.15036,44.37532],[8.14083,44.37121],[8.14499,44.34664],[8.13428,44.3321],[8.10644,44.33237],[8.10907,44.31512],[8.10196,44.30093],[8.07602,44.31396],[8.06079,44.2999],[8.06356,44.28827],[8.0907,44.2748],[8.0631,44.25307],[8.0809,44.24125],[8.06536,44.21694],[8.09485,44.19726],[8.09241,44.17521],[8.0682,44.14498],[8.04293,44.14283],[8.01184,44.1559],[7.97963,44.13846],[8.0105,44.12209],[8.00275,44.11654],[8.01559,44.1107],[8.00688,44.10259],[7.97153,44.1131],[7.94237,44.10012],[7.92596,44.1103],[7.88394,44.10466],[7.86847,44.11694],[7.816,44.12307],[7.7638,44.1407],[7.72423,44.1239],[7.71802,44.10358],[7.73202,44.08426],[7.75936,44.0843],[7.73789,44.07637],[7.72325,44.06062],[7.71433,44.06156],[7.71824,44.082],[7.66745,44.12981],[7.67875,44.14663],[7.67233,44.15965],[7.68465,44.17392],[7.67342,44.17729],[7.63603,44.17708],[7.61921,44.14945],[7.56601,44.1551],[7.5218,44.13798],[7.50766,44.14449],[7.45804,44.12655],[7.42817,44.13041],[7.42335,44.11332],[7.39265,44.12556],[7.35528,44.11803],[7.34062,44.14645],[7.27834,44.14169],[7.24842,44.15797],[7.24323,44.17163],[7.21887,44.16856],[7.18731,44.20106],[7.16067,44.20708],[7.14275,44.20051],[7.06963,44.23364],[7.03498,44.22397],[7.00849,44.23563],[6.9967,44.25008],[6.99575,44.28014],[6.95834,44.29548],[6.95685,44.31411],[6.92678,44.33319],[6.91882,44.35284],[6.88723,44.36203],[6.89659,44.37615],[6.89279,44.42023],[6.94839,44.42983],[6.87617,44.48149],[6.85966,44.50594],[6.85547,44.5326],[6.88147,44.55395],[6.91358,44.55866],[6.91247,44.56852],[6.93259,44.57289],[6.93771,44.60312],[6.95228,44.62051],[6.96848,44.62029],[6.9476,44.65262],[6.96214,44.67689],[6.98961,44.69033],[7.03041,44.69147],[7.07005,44.6798],[7.07524,44.69021],[7.06535,44.71383],[7.03061,44.72888],[7.02125,44.77168],[7.00154,44.7911],[7.02385,44.82333],[7.0097,44.82639],[7.0012,44.84244],[6.93151,44.86344],[6.91284,44.84486],[6.87109,44.84996],[6.75084,44.90617],[6.74874,44.92157],[6.75999,44.93379],[6.74308,44.9357],[6.76555,44.96161],[6.76364,44.97145],[6.7395,44.98967],[6.75143,44.99798],[6.74587,45.01291],[6.72459,45.02198],[6.67142,45.02351],[6.66226,45.07138],[6.64617,45.07502],[6.62664,45.10332],[6.63478,45.11579],[6.67194,45.12421],[6.68021,45.14041],[6.71203,45.14477],[6.7402,45.13697],[6.76916,45.15984],[6.82284,45.1441],[6.84832,45.12731],[6.89449,45.13747],[6.88611,45.15407],[6.89433,45.16884],[6.94747,45.17047],[6.94321,45.1759],[6.95524,45.19121],[6.96778,45.19565],[6.96287,45.20513],[7.00322,45.22006],[7.02517,45.21612],[7.05097,45.22571],[7.06699,45.21029],[7.07682,45.21412],[7.10963,45.2455],[7.1243,45.244],[7.13494,45.25414],[7.13608,45.27952],[7.13605,45.27996]]]}},{"type":"Feature","properties":{"name":"Valle d'Aosta/Vall\u00e9e d'Aoste","kind":"regione"},"geometry":{"type":"Polygon","coordinates":[[[7.73455,45.92365],[7.75058,45.93977],[7.76923,45.93685],[7.80009,45.91712],[7.8214,45.92686],[7.86405,45.91644],[7.86872,45.86893],[7.87558,45.86211],[7.86386,45.83958],[7.8734,45.82593],[7.86233,45.8199],[7.86407,45.79004],[7.89484,45.75282],[7.929,45.74244],[7.93662,45.72434],[7.90479,45.68473],[7.9395,45.6437],[7.93611,45.6357],[7.91504,45.63274],[7.89746,45.61253],[7.90077,45.59172],[7.87918,45.60016],[7.82779,45.59707],[7.7327,45.55034],[7.71893,45.55889],[7.6755,45.55235],[7.63404,45.57079],[7.60907,45.56288],[7.5997,45.57809],[7.56648,45.59162],[7.53177,45.57679],[7.48932,45.58311],[7.46353,45.57482],[7.44796,45.55557],[7.42059,45.54657],[7.37724,45.5169],[7.3593,45.52587],[7.32111,45.51403],[7.2695,45.51468],[7.26373,45.49903],[7.24755,45.49407],[7.22266,45.47048],[7.16033,45.48659],[7.14321,45.47803],[7.13753,45.51626],[7.12167,45.50624],[7.11467,45.47747],[7.10433,45.46696],[7.04789,45.47248],[7.04461,45.47997],[7.05456,45.49401],[6.99982,45.50513],[7.00376,45.52003],[6.99039,45.53066],[6.99503,45.57615],[6.97786,45.58894],[6.98449,45.62362],[7.00014,45.63501],[6.9968,45.64082],[6.96857,45.65451],[6.92533,45.64918],[6.91636,45.65225],[6.90194,45.68076],[6.89283,45.67604],[6.848,45.69019],[6.8133,45.72264],[6.81728,45.73975],[6.80503,45.75445],[6.80155,45.78168],[6.81196,45.80595],[6.80544,45.81697],[6.81777,45.83335],[6.84311,45.84225],[6.8649,45.83319],[6.88018,45.84989],[6.89741,45.84264],[6.94208,45.84869],[6.95507,45.86078],[6.99039,45.86814],[7.00572,45.88862],[7.0038,45.89922],[7.03292,45.92143],[7.05731,45.91433],[7.09421,45.87632],[7.10165,45.85904],[7.11827,45.85954],[7.15648,45.87934],[7.19026,45.8586],[7.22073,45.88964],[7.25747,45.88866],[7.2942,45.92172],[7.3242,45.91039],[7.34425,45.91509],[7.38586,45.89729],[7.44208,45.92976],[7.47417,45.93559],[7.47141,45.94727],[7.47813,45.95263],[7.50234,45.96066],[7.54101,45.95636],[7.54625,45.9845],[7.57008,45.98777],[7.58857,45.97075],[7.66371,45.97555],[7.68126,45.95718],[7.70988,45.94826],[7.70903,45.93349],[7.71816,45.92461],[7.73324,45.92345],[7.73455,45.92365]]]}},{"type":"Feature","properties":{"name":"Liguria","kind":"regione"},"geometry":{"type":"Polygon","coordinates":[[[7.55166,43.89429],[7.56264,43.90066],[7.56031,43.91525],[7.57185,43.93541],[7.56702,43.94411],[7.64949,43.97374],[7.67034,43.99823],[7.66333,44.02895],[7.69404,44.04],[7.71166,44.0604],[7.75909,44.08388],[7.73289,44.08365],[7.71802,44.10358],[7.72793,44.12732],[7.7638,44.1407],[7.816,44.12307],[7.86847,44.11694],[7.88394,44.10466],[7.92596,44.1103],[7.94237,44.10012],[7.97153,44.1131],[8.00463,44.10233],[8.01559,44.1107],[8.00275,44.11654],[8.01235,44.11954],[7.97893,44.13354],[7.98541,44.14277],[8.01184,44.1559],[8.0445,44.14255],[8.07119,44.14693],[8.09241,44.17521],[8.09485,44.19726],[8.06547,44.21656],[8.0811,44.24004],[8.0631,44.25307],[8.0907,44.2748],[8.06356,44.28827],[8.06079,44.2999],[8.07602,44.31396],[8.10196,44.30093],[8.10907,44.31512],[8.10644,44.33237],[8.13428,44.3321],[8.14499,44.34664],[8.14083,44.37121],[8.15036,44.37532],[8.14952,44.38479],[8.20636,44.40427],[8.22168,44.43271],[8.20715,44.44814],[8.21026,44.45552],[8.19581,44.46498],[8.20189,44.47833],[8.22332,44.48567],[8.2162,44.4973],[8.22577,44.51539],[8.25278,44.52875],[8.27626,44.50668],[8.3048,44.50347],[8.32164,44.48802],[8.34918,44.48555],[8.35953,44.465],[8.39243,44.47705],[8.39998,44.50222],[8.41613,44.51236],[8.4495,44.49739],[8.45315,44.50988],[8.47066,44.52248],[8.4818,44.51084],[8.53679,44.51299],[8.55908,44.50325],[8.57616,44.50923],[8.57376,44.52332],[8.58669,44.52419],[8.61354,44.54551],[8.59886,44.55872],[8.60089,44.56782],[8.62386,44.58638],[8.68221,44.57547],[8.69005,44.58196],[8.721,44.57986],[8.75674,44.53612],[8.74975,44.52678],[8.76756,44.52496],[8.76694,44.49195],[8.78766,44.48933],[8.79771,44.50025],[8.79908,44.53015],[8.82877,44.54307],[8.82221,44.55025],[8.82684,44.5618],[8.86861,44.56624],[8.89134,44.55063],[8.9175,44.56106],[8.92169,44.56707],[8.91189,44.58003],[8.90771,44.61393],[8.88262,44.63868],[8.90882,44.64764],[8.93114,44.67613],[8.95952,44.67602],[8.97364,44.66315],[9.01469,44.66607],[9.03876,44.64087],[9.04705,44.61466],[9.07333,44.62434],[9.10353,44.60939],[9.10238,44.59285],[9.1107,44.58197],[9.13767,44.57393],[9.19895,44.59278],[9.20297,44.61349],[9.24481,44.61972],[9.25654,44.61059],[9.24625,44.59927],[9.28023,44.59617],[9.28751,44.6076],[9.30042,44.60777],[9.3467,44.57952],[9.36417,44.58473],[9.38108,44.57675],[9.38937,44.59022],[9.40262,44.59079],[9.40563,44.60081],[9.42131,44.5926],[9.42308,44.57461],[9.4407,44.56672],[9.45027,44.57182],[9.45336,44.56213],[9.46964,44.56587],[9.49077,44.55895],[9.48818,44.54557],[9.50461,44.52996],[9.49463,44.5004],[9.4968,44.48273],[9.46887,44.48188],[9.47055,44.47195],[9.43839,44.41854],[9.47229,44.42194],[9.47903,44.40926],[9.49284,44.42332],[9.54744,44.42684],[9.5585,44.43866],[9.5825,44.42855],[9.60555,44.43572],[9.61297,44.42586],[9.65455,44.41175],[9.67498,44.36471],[9.7063,44.36619],[9.72946,44.32833],[9.75311,44.32273],[9.7642,44.30578],[9.8064,44.28276],[9.81478,44.28621],[9.85266,44.27021],[9.86016,44.25243],[9.85703,44.23403],[9.87536,44.22394],[9.85755,44.19351],[9.86496,44.18071],[9.89121,44.20781],[9.90851,44.20977],[9.91451,44.1996],[9.93401,44.19662],[9.92239,44.19506],[9.89295,44.1665],[9.97334,44.16711],[9.98297,44.12601],[9.99508,44.11573],[9.98672,44.09687],[9.99331,44.09268],[10.00381,44.10947],[10.02448,44.11933],[10.04738,44.11512],[10.07041,44.09236],[10.01877,44.04448],[9.99413,44.05063],[9.97759,44.03549],[9.90765,44.0693],[9.90678,44.08142],[9.88108,44.08145],[9.85077,44.10984],[9.83581,44.11013],[9.82131,44.09514],[9.8126,44.1008],[9.83889,44.06488],[9.84585,44.06872],[9.85167,44.06013],[9.83267,44.04904],[9.75395,44.0907],[9.73941,44.09165],[9.72532,44.11262],[9.66809,44.14214],[9.64406,44.14426],[9.63546,44.13352],[9.60642,44.15797],[9.60633,44.17134],[9.56757,44.18315],[9.56882,44.19128],[9.55214,44.20495],[9.52701,44.20827],[9.48847,44.23885],[9.47251,44.23372],[9.44333,44.23864],[9.41854,44.25962],[9.40343,44.25194],[9.38629,44.27002],[9.39266,44.27776],[9.37709,44.29038],[9.23528,44.34786],[9.22518,44.33514],[9.21374,44.3336],[9.209,44.31062],[9.21755,44.2985],[9.15226,44.31713],[9.15419,44.34899],[9.13988,44.36041],[9.09903,44.37185],[8.93134,44.39557],[8.92764,44.40997],[8.91895,44.41354],[8.91096,44.40786],[8.91776,44.39818],[8.82191,44.41505],[8.85,44.4187],[8.83766,44.42285],[8.77687,44.42634],[8.79673,44.4172],[8.74378,44.42698],[8.69293,44.40835],[8.67975,44.39328],[8.64934,44.38987],[8.61617,44.36839],[8.57254,44.35752],[8.5644,44.34619],[8.50934,44.32845],[8.4851,44.30999],[8.50034,44.31662],[8.49259,44.30637],[8.45106,44.28797],[8.44043,44.27026],[8.45017,44.26297],[8.45389,44.26755],[8.45633,44.2584],[8.443,44.23804],[8.41592,44.22128],[8.42451,44.19472],[8.26907,44.13932],[8.22984,44.08818],[8.22568,44.04319],[8.16312,43.9926],[8.1599,43.97356],[8.17371,43.95475],[8.14157,43.94736],[8.12829,43.92674],[8.09425,43.91682],[8.07114,43.89052],[8.03399,43.88449],[7.94931,43.84704],[7.84707,43.82879],[7.83304,43.81643],[7.80492,43.82325],[7.73884,43.79542],[7.7,43.79865],[7.67282,43.77617],[7.57539,43.79286],[7.55609,43.78018],[7.53072,43.78421],[7.49528,43.8622],[7.51517,43.88383],[7.54447,43.89387],[7.55166,43.89429]]]}},{"type":"Feature","properties":{"name":"Lombardia","kind":"regione"},"geometry":{"type":"Polygon","coordinates":[[[8.57964,45.75172],[8.55632,45.77411],[8.55228,45.7881],[8.55828,45.80356],[8.58165,45.81366],[8.5952,45.83361],[8.57163,45.90134],[8.72643,46.01797],[8.72847,46.03022],[8.70557,46.08513],[8.74269,46.12215],[8.76017,46.1017],[8.78342,46.09394],[8.80615,46.10091],[8.85205,46.07552],[8.85452,46.06163],[8.8443,46.04854],[8.83443,46.05135],[8.81968,46.02527],[8.80594,46.02161],[8.7859,45.98902],[8.83128,45.98798],[8.86795,45.96073],[8.89427,45.95847],[8.89872,45.94516],[8.89306,45.93134],[8.92461,45.90585],[8.92225,45.89494],[8.93409,45.87006],[8.94172,45.8699],[8.91535,45.8435],[8.91245,45.83028],[8.94954,45.84348],[8.97033,45.83248],[8.99537,45.83434],[8.9938,45.82389],[9.00484,45.82023],[9.03376,45.8226],[9.03585,45.84117],[9.04933,45.85224],[9.05432,45.87229],[9.08876,45.90072],[9.07802,45.89983],[9.04303,45.92674],[9.0194,45.92858],[9.01406,45.96016],[8.98877,45.97058],[9.02829,45.99366],[9.00888,46.0362],[9.02381,46.05261],[9.07787,46.06532],[9.08984,46.08849],[9.07163,46.11952],[9.12082,46.13461],[9.15957,46.17052],[9.18351,46.17161],[9.19353,46.1799],[9.20004,46.20629],[9.21822,46.21466],[9.2213,46.22987],[9.24762,46.23363],[9.2546,46.26879],[9.28454,46.29695],[9.28213,46.30829],[9.30005,46.32659],[9.29181,46.33496],[9.29696,46.35085],[9.27668,46.36942],[9.28434,46.38606],[9.27571,46.39474],[9.28081,46.41022],[9.24747,46.43624],[9.24772,46.44718],[9.27782,46.4616],[9.27493,46.48079],[9.28237,46.49666],[9.36205,46.5097],[9.37234,46.50369],[9.37084,46.4897],[9.41028,46.46655],[9.43283,46.49678],[9.46088,46.50743],[9.45926,46.48493],[9.44946,46.48337],[9.46153,46.48021],[9.46351,46.4704],[9.45371,46.42224],[9.46686,46.39812],[9.4616,46.37625],[9.49604,46.36404],[9.52119,46.32506],[9.54938,46.30234],[9.56082,46.30554],[9.5829,46.29448],[9.6334,46.28631],[9.67218,46.30101],[9.70398,46.29091],[9.7145,46.29307],[9.72417,46.30974],[9.72326,46.34073],[9.73728,46.35066],[9.77748,46.33496],[9.90636,46.38088],[9.92536,46.36601],[9.95294,46.37937],[9.96588,46.36282],[9.99635,46.35094],[9.98085,46.3236],[9.99703,46.314],[9.9967,46.28448],[10.05583,46.26369],[10.05987,46.24752],[10.04745,46.22874],[10.07084,46.21714],[10.09452,46.22855],[10.12401,46.22422],[10.14568,46.23038],[10.17634,46.25791],[10.14979,46.29445],[10.11714,46.31374],[10.10614,46.33143],[10.10831,46.34977],[10.12886,46.36329],[10.12772,46.37762],[10.16166,46.3875],[10.16565,46.40697],[10.13067,46.43187],[10.07959,46.42111],[10.04052,46.44413],[10.05336,46.46315],[10.04438,46.48336],[10.05404,46.52093],[10.04365,46.53785],[10.08314,46.56406],[10.07937,46.57487],[10.10109,46.58278],[10.10215,46.61077],[10.13017,46.6056],[10.19063,46.62609],[10.21918,46.62176],[10.24033,46.63507],[10.25641,46.60849],[10.2416,46.59146],[10.244,46.5784],[10.2823,46.57153],[10.29575,46.5504],[10.32511,46.55147],[10.33823,46.54301],[10.35221,46.55557],[10.39756,46.54394],[10.41934,46.55105],[10.45314,46.53055],[10.45794,46.51059],[10.47612,46.49553],[10.55501,46.48903],[10.60049,46.46866],[10.62183,46.44796],[10.61795,46.4174],[10.63098,46.40229],[10.60599,46.37923],[10.56704,46.37793],[10.54102,46.35523],[10.51924,46.35531],[10.51571,46.34322],[10.56303,46.3273],[10.56486,46.31301],[10.57805,46.30242],[10.56048,46.28452],[10.5763,46.27267],[10.5849,46.24481],[10.54138,46.18863],[10.56539,46.16684],[10.54658,46.14432],[10.54789,46.11565],[10.53574,46.09773],[10.48304,46.05724],[10.4844,46.024],[10.45829,46.01043],[10.453,45.98889],[10.45341,45.97655],[10.4866,45.97116],[10.48471,45.94511],[10.50857,45.92357],[10.50616,45.90327],[10.49594,45.89974],[10.49004,45.88461],[10.5037,45.87357],[10.50283,45.82973],[10.54363,45.81765],[10.52605,45.80561],[10.53367,45.80065],[10.53298,45.78796],[10.56427,45.78456],[10.60174,45.80312],[10.64141,45.80189],[10.65607,45.83232],[10.67707,45.83094],[10.69562,45.83987],[10.73555,45.84272],[10.75635,45.83003],[10.7772,45.84303],[10.79121,45.83346],[10.84015,45.83276],[10.83247,45.81557],[10.80959,45.79836],[10.70561,45.67641],[10.62847,45.60206],[10.64774,45.44854],[10.62365,45.44362],[10.64676,45.44104],[10.64387,45.41782],[10.65463,45.41582],[10.66523,45.42772],[10.71252,45.41855],[10.71937,45.40596],[10.69827,45.379],[10.71463,45.36793],[10.68554,45.35368],[10.6869,45.34265],[10.71503,45.33387],[10.70638,45.3163],[10.73048,45.31586],[10.72835,45.2913],[10.73742,45.28724],[10.78282,45.31542],[10.84001,45.27289],[10.84661,45.25657],[10.93679,45.23294],[10.93081,45.22554],[10.93498,45.2142],[10.9854,45.19871],[10.99678,45.18738],[10.99373,45.15153],[11.01024,45.14866],[11.02837,45.15924],[11.03557,45.15011],[11.04946,45.15069],[11.04385,45.13428],[11.0287,45.12305],[11.07294,45.09875],[11.09757,45.09525],[11.09489,45.10607],[11.10214,45.11314],[11.1274,45.10323],[11.14644,45.12607],[11.18756,45.10995],[11.20343,45.11167],[11.17751,45.09734],[11.17682,45.08849],[11.18837,45.08408],[11.17549,45.07489],[11.17528,45.06007],[11.21219,45.05748],[11.24044,45.04295],[11.2659,45.05622],[11.27046,45.04451],[11.26305,45.03294],[11.27404,45.01826],[11.30874,45.01236],[11.33581,44.9904],[11.41614,44.96677],[11.42674,44.95008],[11.37672,44.95808],[11.35716,44.95008],[11.30866,44.96046],[11.28537,44.95676],[11.27226,44.93832],[11.24621,44.95144],[11.15244,44.93324],[11.11802,44.95447],[11.07213,44.96172],[11.05954,44.94889],[10.99747,44.95509],[10.96716,44.93481],[10.95059,44.93333],[10.94137,44.92191],[10.91705,44.92413],[10.89031,44.91244],[10.89799,44.92181],[10.87663,44.91706],[10.86539,44.92962],[10.84769,44.9257],[10.74457,44.94893],[10.74816,44.9627],[10.74105,44.98091],[10.7274,44.99203],[10.71216,44.98526],[10.71077,44.97309],[10.69474,44.96194],[10.68804,44.9656],[10.69596,44.97447],[10.68668,44.98659],[10.62788,44.9242],[10.56984,44.90834],[10.51985,44.91273],[10.43567,44.94314],[10.40567,44.98449],[10.35852,44.96554],[10.3089,44.98738],[10.30469,44.99904],[10.27393,44.99852],[10.25586,45.01781],[10.21107,45.03403],[10.1873,45.02822],[10.15772,45.04408],[10.10619,45.02213],[10.0891,45.02719],[10.08231,45.04661],[10.05022,45.04128],[10.04695,45.05929],[10.02165,45.07589],[10.02853,45.09623],[9.98547,45.13343],[9.97119,45.13235],[9.93581,45.1044],[9.91849,45.0996],[9.91346,45.10465],[9.92707,45.12599],[9.92261,45.13594],[9.88103,45.127],[9.87783,45.11353],[9.90063,45.09544],[9.89677,45.08054],[9.88065,45.07479],[9.86152,45.09356],[9.83836,45.09565],[9.83139,45.08396],[9.83376,45.06168],[9.82376,45.05259],[9.81656,45.05446],[9.81326,45.0781],[9.77896,45.08958],[9.75754,45.11254],[9.74507,45.11094],[9.74959,45.07784],[9.715,45.05824],[9.67689,45.07761],[9.63494,45.08398],[9.64092,45.11662],[9.62935,45.13203],[9.61897,45.13355],[9.61196,45.1115],[9.58745,45.09962],[9.56858,45.10734],[9.54866,45.13265],[9.53575,45.122],[9.551,45.09079],[9.53342,45.0789],[9.49929,45.10392],[9.43901,45.09345],[9.4356,45.08183],[9.41078,45.08275],[9.37082,45.04815],[9.37559,45.04041],[9.36945,45.02373],[9.37561,45.01992],[9.36587,45.00304],[9.34398,44.99292],[9.33755,44.96538],[9.32154,44.94397],[9.28503,44.93177],[9.29297,44.92046],[9.27741,44.89561],[9.29283,44.89032],[9.29011,44.88221],[9.32239,44.87974],[9.34238,44.86727],[9.35033,44.83703],[9.3631,44.8224],[9.32153,44.80003],[9.31787,44.78621],[9.28472,44.76709],[9.2882,44.75744],[9.33258,44.73504],[9.30848,44.70563],[9.32464,44.69002],[9.25948,44.67995],[9.23508,44.71636],[9.23226,44.70333],[9.24213,44.68746],[9.20032,44.6864],[9.21355,44.75235],[9.17173,44.77168],[9.1735,44.79615],[9.15969,44.80626],[9.16098,44.81474],[9.12612,44.80619],[9.09515,44.81903],[9.07226,44.81748],[9.07291,44.82803],[9.049,44.84986],[9.07004,44.8652],[9.05522,44.88892],[9.03036,44.8885],[9.00135,44.90819],[8.9696,44.94351],[8.97812,44.96721],[8.96062,44.98728],[8.9256,44.98216],[8.91686,44.98812],[8.90127,45.00776],[8.90437,45.02957],[8.89508,45.04043],[8.90016,45.04362],[8.88106,45.05408],[8.8874,45.0598],[8.79621,45.03581],[8.79834,45.02112],[8.7777,45.02373],[8.77175,45.00678],[8.74788,45.00915],[8.75054,45.02073],[8.72802,45.02285],[8.71006,45.03829],[8.69504,45.02323],[8.67293,45.02792],[8.65907,45.01797],[8.65259,45.03431],[8.63474,45.04096],[8.64525,45.05701],[8.63734,45.06612],[8.64599,45.07533],[8.6091,45.10689],[8.6118,45.12753],[8.59011,45.13302],[8.58205,45.15095],[8.55438,45.15736],[8.54297,45.173],[8.54554,45.18294],[8.58121,45.20221],[8.55688,45.20517],[8.5523,45.19642],[8.53094,45.19334],[8.52451,45.19833],[8.54805,45.20412],[8.52324,45.2216],[8.54365,45.234],[8.5291,45.23951],[8.55618,45.2414],[8.5225,45.24924],[8.52277,45.25463],[8.53601,45.24759],[8.54338,45.25328],[8.53305,45.25814],[8.53511,45.2778],[8.51408,45.27432],[8.51827,45.2868],[8.49834,45.29223],[8.51354,45.31328],[8.5379,45.31725],[8.52638,45.3422],[8.55309,45.36147],[8.57103,45.34863],[8.62519,45.35179],[8.63167,45.33838],[8.65571,45.32568],[8.66489,45.29283],[8.69065,45.29253],[8.71612,45.30288],[8.72477,45.33571],[8.74212,45.33206],[8.76036,45.35193],[8.72109,45.3704],[8.71908,45.37808],[8.76089,45.37648],[8.76495,45.38759],[8.80154,45.37918],[8.81123,45.38911],[8.8429,45.39384],[8.82453,45.4195],[8.82583,45.43395],[8.8081,45.43333],[8.80782,45.4477],[8.78838,45.46251],[8.78749,45.48623],[8.77349,45.4847],[8.76026,45.49687],[8.72789,45.5024],[8.71307,45.52013],[8.7194,45.53105],[8.70776,45.54752],[8.70553,45.56915],[8.69335,45.57778],[8.70444,45.58831],[8.70315,45.60006],[8.68213,45.62034],[8.66309,45.62203],[8.65894,45.63775],[8.66566,45.64288],[8.67865,45.63363],[8.68818,45.63699],[8.66984,45.66142],[8.6812,45.6764],[8.6409,45.67653],[8.65343,45.71397],[8.64287,45.72316],[8.59598,45.72889],[8.58243,45.74917],[8.57964,45.75172]]]}},{"type":"Feature","properties":{"name":"Trentino-Alto Adige/S\u00fcdtirol","kind":"regione"},"geometry":{"type":"Polygon","coordinates":[[[12.01396,46.55091],[11.99842,46.53286],[11.98756,46.5453],[11.96781,46.54457],[11.94953,46.53923],[11.94549,46.52942],[11.91188,46.53296],[11.82831,46.50891],[11.81435,46.49414],[11.81318,46.47817],[11.87865,46.47029],[11.88683,46.46457],[11.88813,46.44178],[11.87088,46.43321],[11.8503,46.43419],[11.83822,46.41523],[11.84369,46.40992],[11.83233,46.38759],[11.83534,46.36592],[11.82017,46.37662],[11.81347,46.3676],[11.77438,46.35824],[11.79998,46.34423],[11.80279,46.33432],[11.83189,46.32266],[11.84145,46.30634],[11.82626,46.28497],[11.84085,46.27008],[11.88519,46.27882],[11.89199,46.25263],[11.9291,46.24883],[11.90957,46.22443],[11.93936,46.19882],[11.96244,46.19913],[11.95083,46.17011],[11.92863,46.1758],[11.91949,46.14855],[11.88966,46.11959],[11.80658,46.10272],[11.77322,46.10669],[11.75869,46.0956],[11.75077,46.10514],[11.71693,46.10302],[11.70346,46.09049],[11.68529,46.09357],[11.68646,46.067],[11.70548,46.04675],[11.66618,46.03621],[11.68187,46.02842],[11.66665,46.0171],[11.68962,45.98851],[11.6858,45.96929],[11.67624,45.96583],[11.62761,45.96064],[11.63068,45.96938],[11.58759,45.969],[11.57723,46.00652],[11.5107,46.012],[11.49178,46.00886],[11.44666,45.98092],[11.37374,45.9835],[11.38236,45.94786],[11.3583,45.94366],[11.35806,45.92529],[11.34503,45.92094],[11.34931,45.90953],[11.30069,45.9352],[11.30378,45.91824],[11.25832,45.92068],[11.26058,45.90747],[11.25112,45.89612],[11.25508,45.88401],[11.23688,45.88077],[11.24436,45.87695],[11.23957,45.85703],[11.22186,45.84896],[11.2188,45.8326],[11.18882,45.81357],[11.20279,45.78337],[11.17397,45.78708],[11.17843,45.73806],[11.1459,45.71695],[11.13215,45.69302],[11.09003,45.69613],[11.05579,45.71824],[11.03046,45.70569],[11.01647,45.70573],[11.0117,45.71642],[10.99611,45.70798],[10.98947,45.69072],[10.96832,45.68012],[10.9722,45.70182],[10.9429,45.67306],[10.92208,45.67983],[10.91216,45.6907],[10.926,45.69917],[10.88438,45.71662],[10.84383,45.71859],[10.86263,45.74366],[10.86681,45.76399],[10.88498,45.77465],[10.87272,45.78838],[10.88759,45.81165],[10.82586,45.83769],[10.79121,45.83346],[10.77263,45.84291],[10.75635,45.83003],[10.73318,45.8427],[10.65607,45.83232],[10.64383,45.80296],[10.61143,45.80516],[10.55367,45.78393],[10.53298,45.78796],[10.53367,45.80065],[10.52605,45.80561],[10.54327,45.81836],[10.50236,45.83038],[10.5037,45.87357],[10.49012,45.88708],[10.50616,45.90327],[10.50857,45.92357],[10.48471,45.94511],[10.4866,45.97116],[10.45341,45.97655],[10.45335,45.99106],[10.46249,46.01489],[10.4844,46.024],[10.48304,46.05724],[10.53574,46.09773],[10.54789,46.11565],[10.54658,46.14432],[10.56539,46.16684],[10.54138,46.18863],[10.58505,46.2487],[10.5763,46.27267],[10.56048,46.28452],[10.57957,46.29883],[10.56486,46.31301],[10.56303,46.3273],[10.51603,46.34647],[10.5195,46.35576],[10.53999,46.35475],[10.56704,46.37793],[10.60599,46.37923],[10.63098,46.40229],[10.61795,46.4174],[10.62183,46.44796],[10.60049,46.46866],[10.54288,46.49213],[10.47612,46.49553],[10.45794,46.51059],[10.45318,46.53205],[10.47252,46.54374],[10.49229,46.61512],[10.44627,46.64096],[10.40264,46.6365],[10.39308,46.65498],[10.38762,46.68744],[10.41765,46.71599],[10.40197,46.73437],[10.442,46.75267],[10.44205,46.76987],[10.42509,46.78886],[10.44881,46.80229],[10.47326,46.85657],[10.50004,46.84764],[10.55263,46.84978],[10.55365,46.83962],[10.66811,46.87556],[10.69694,46.86268],[10.69455,46.85216],[10.76336,46.82327],[10.74581,46.80438],[10.72606,46.79774],[10.73049,46.78791],[10.75944,46.78575],[10.78636,46.79638],[10.81594,46.77531],[10.8403,46.78165],[10.8832,46.76311],[10.92232,46.77489],[10.99363,46.76711],[11.01363,46.77207],[11.02214,46.76517],[11.04191,46.80339],[11.08345,46.82222],[11.07249,46.84962],[11.10034,46.89011],[11.09588,46.91193],[11.11998,46.93049],[11.14061,46.92833],[11.16519,46.94071],[11.1653,46.96535],[11.24139,46.96962],[11.31931,46.99243],[11.35829,46.99036],[11.38424,46.97036],[11.40584,46.96519],[11.43666,46.97437],[11.47932,47.01091],[11.50959,47.00476],[11.53808,46.98411],[11.62436,47.01217],[11.66334,46.993],[11.7106,46.99299],[11.72956,46.97199],[11.74717,46.9689],[11.76588,46.97522],[11.78131,46.9915],[11.83145,46.9924],[11.91513,47.03145],[11.97828,47.04975],[12.02006,47.04676],[12.04255,47.06098],[12.07294,47.05977],[12.09367,47.07665],[12.12011,47.07378],[12.18517,47.09146],[12.22404,47.08317],[12.24019,47.06794],[12.21676,47.05778],[12.20487,47.0272],[12.14723,47.02426],[12.12099,47.00665],[12.1379,46.98004],[12.13151,46.96295],[12.16821,46.93789],[12.14413,46.91401],[12.1889,46.9063],[12.21623,46.87387],[12.24064,46.89036],[12.27448,46.88324],[12.29559,46.84594],[12.30669,46.84035],[12.28316,46.81463],[12.29194,46.80347],[12.28055,46.79138],[12.28384,46.7829],[12.35741,46.77466],[12.38369,46.71656],[12.44277,46.68822],[12.47454,46.68662],[12.4776,46.67982],[12.43752,46.66892],[12.40397,46.64302],[12.37977,46.64291],[12.38984,46.62754],[12.38516,46.62278],[12.35943,46.61974],[12.34143,46.62995],[12.31589,46.63],[12.3055,46.61917],[12.28607,46.61791],[12.2602,46.62871],[12.19224,46.59456],[12.19443,46.61952],[12.17133,46.6341],[12.14641,46.63418],[12.06827,46.67507],[12.06566,46.62699],[12.04662,46.60808],[12.04632,46.58415],[12.0165,46.55353],[12.01396,46.55091]]]}},{"type":"Feature","properties":{"name":"Veneto","kind":"regione"},"geometry":{"type":"Polygon","coordinates":[[[10.63538,45.53543],[10.63104,45.60951],[10.70561,45.67641],[10.80959,45.79836],[10.83247,45.81557],[10.84015,45.83276],[10.88759,45.81165],[10.87272,45.78838],[10.88498,45.77465],[10.86681,45.76399],[10.86263,45.74366],[10.84383,45.71859],[10.88438,45.71662],[10.926,45.69917],[10.912,45.68831],[10.93746,45.67342],[10.962,45.68568],[10.9722,45.70182],[10.96832,45.68012],[10.98947,45.69072],[10.99611,45.70798],[11.0117,45.71642],[11.01647,45.70573],[11.03046,45.70569],[11.05579,45.71824],[11.09003,45.69613],[11.12535,45.69044],[11.13851,45.69685],[11.1459,45.71695],[11.17843,45.73806],[11.17397,45.78708],[11.20279,45.78337],[11.18882,45.81357],[11.2188,45.8326],[11.22186,45.84896],[11.23957,45.85703],[11.24436,45.87695],[11.23688,45.88077],[11.25508,45.88401],[11.25112,45.89612],[11.26058,45.90747],[11.25832,45.92068],[11.30378,45.91824],[11.30069,45.9352],[11.34931,45.90953],[11.34503,45.92094],[11.35806,45.92529],[11.3583,45.94366],[11.38236,45.94786],[11.37374,45.9835],[11.44666,45.98092],[11.49178,46.00886],[11.5107,46.012],[11.57723,46.00652],[11.58759,45.969],[11.63068,45.96938],[11.62761,45.96064],[11.67624,45.96583],[11.6858,45.96929],[11.68962,45.98851],[11.66665,46.0171],[11.68187,46.02842],[11.66618,46.03621],[11.70548,46.04675],[11.68646,46.067],[11.68529,46.09357],[11.70346,46.09049],[11.71693,46.10302],[11.75077,46.10514],[11.75869,46.0956],[11.77322,46.10669],[11.80658,46.10272],[11.89177,46.12048],[11.91949,46.14855],[11.92863,46.1758],[11.95083,46.17011],[11.96244,46.19913],[11.93936,46.19882],[11.90957,46.22443],[11.9291,46.24883],[11.89199,46.25263],[11.88525,46.27881],[11.83518,46.27412],[11.82626,46.28497],[11.84145,46.30634],[11.83189,46.32266],[11.80279,46.33432],[11.79998,46.34423],[11.77438,46.35824],[11.81347,46.3676],[11.82017,46.37662],[11.83534,46.36592],[11.83233,46.38759],[11.84369,46.40992],[11.83822,46.41523],[11.8503,46.43419],[11.87088,46.43321],[11.88813,46.44178],[11.88683,46.46457],[11.87865,46.47029],[11.81731,46.47661],[11.81039,46.48487],[11.82831,46.50891],[11.85135,46.51784],[11.91188,46.53296],[11.94549,46.52942],[11.94953,46.53923],[11.96781,46.54457],[11.98756,46.5453],[11.99842,46.53286],[12.04669,46.58472],[12.04662,46.60808],[12.07137,46.6416],[12.06827,46.67507],[12.14641,46.63418],[12.17133,46.6341],[12.19443,46.61952],[12.19224,46.59456],[12.2602,46.62871],[12.28607,46.61791],[12.3055,46.61917],[12.31589,46.63],[12.34143,46.62995],[12.35943,46.61974],[12.38516,46.62278],[12.38984,46.62754],[12.37977,46.64291],[12.40397,46.64302],[12.43752,46.66892],[12.4776,46.67982],[12.51964,46.67677],[12.56703,46.6508],[12.61901,46.66111],[12.64246,46.65193],[12.68603,46.65604],[12.7167,46.64757],[12.73198,46.63381],[12.70624,46.62078],[12.70784,46.60203],[12.68753,46.59986],[12.65696,46.57279],[12.63687,46.57203],[12.6202,46.54377],[12.63008,46.50083],[12.65406,46.48439],[12.66236,46.46797],[12.62075,46.47537],[12.60679,46.46428],[12.5682,46.47572],[12.54169,46.45844],[12.53018,46.46445],[12.5248,46.44857],[12.50458,46.44001],[12.49248,46.42426],[12.49869,46.4122],[12.4691,46.39004],[12.45505,46.39167],[12.46294,46.36926],[12.42867,46.35159],[12.41738,46.35485],[12.42122,46.34258],[12.40953,46.33063],[12.37451,46.32925],[12.35466,46.31968],[12.35144,46.2938],[12.32275,46.27312],[12.324,46.25615],[12.35553,46.23116],[12.37642,46.22294],[12.40168,46.229],[12.40871,46.22234],[12.40027,46.21126],[12.40627,46.20727],[12.44645,46.20777],[12.44698,46.18034],[12.49539,46.1505],[12.4972,46.12975],[12.48527,46.10652],[12.43565,46.08312],[12.39899,46.04142],[12.41528,46.02686],[12.42683,45.99639],[12.42572,45.94762],[12.45292,45.94714],[12.46687,45.932],[12.506,45.92271],[12.50975,45.90944],[12.52319,45.90309],[12.50829,45.89698],[12.53257,45.88027],[12.5311,45.86307],[12.54961,45.8607],[12.55735,45.84304],[12.54992,45.83949],[12.5593,45.82592],[12.5653,45.83181],[12.59385,45.81518],[12.59444,45.83077],[12.60568,45.83825],[12.63761,45.81805],[12.64727,45.82],[12.654,45.80951],[12.64973,45.80188],[12.66904,45.79089],[12.72997,45.83726],[12.74286,45.82662],[12.77983,45.85444],[12.80331,45.84497],[12.80032,45.82717],[12.80858,45.82018],[12.83689,45.84498],[12.86123,45.85061],[12.87602,45.84638],[12.86967,45.83376],[12.89006,45.82047],[12.92051,45.83134],[12.9295,45.81735],[12.95207,45.82221],[12.952,45.84352],[12.96143,45.84687],[12.97905,45.83404],[12.97088,45.82867],[12.97419,45.82336],[12.98207,45.8273],[12.97332,45.82027],[12.99324,45.81501],[12.98838,45.80874],[12.97788,45.81372],[12.98077,45.79748],[12.99172,45.79782],[12.97784,45.78794],[13.00606,45.76591],[13.00119,45.74929],[13.01606,45.73592],[13.00831,45.72489],[13.02921,45.73617],[13.03852,45.71724],[13.03684,45.69938],[13.05325,45.69452],[13.0436,45.68548],[13.06624,45.67344],[13.06337,45.65677],[13.08313,45.65805],[13.08336,45.65031],[13.10223,45.64149],[13.09354,45.63467],[12.91265,45.61416],[12.7298,45.52926],[12.46754,45.44477],[12.42799,45.41851],[12.40196,45.42867],[12.36071,45.39602],[12.33093,45.35101],[12.33039,45.33717],[12.34276,45.33378],[12.32002,45.32044],[12.29801,45.2456],[12.30056,45.23694],[12.31493,45.2337],[12.30046,45.21945],[12.30602,45.19532],[12.33469,45.16378],[12.32676,45.13676],[12.3339,45.08902],[12.3449,45.08919],[12.45014,45.0106],[12.48494,44.99306],[12.50654,44.98963],[12.50569,44.99674],[12.55526,44.96575],[12.50993,44.92661],[12.46607,44.8437],[12.42436,44.82718],[12.41545,44.82004],[12.42237,44.81106],[12.39811,44.79278],[12.35516,44.81511],[12.34053,44.85007],[12.29411,44.86036],[12.286,44.87237],[12.28187,44.91002],[12.29474,44.92741],[12.28185,44.94126],[12.24672,44.93562],[12.22497,44.92298],[12.18767,44.92643],[12.17068,44.94205],[12.14443,44.92829],[12.12758,44.9355],[12.11313,44.96037],[12.04749,44.97696],[11.96268,44.98683],[11.92458,44.97468],[11.80472,44.97696],[11.78383,44.96419],[11.74563,44.95733],[11.7399,44.94859],[11.74485,44.93497],[11.73407,44.92714],[11.67128,44.91476],[11.61959,44.88806],[11.59354,44.89089],[11.58333,44.9142],[11.53198,44.93683],[11.42749,44.92956],[11.42191,44.96383],[11.33581,44.9904],[11.30874,45.01236],[11.27404,45.01826],[11.26305,45.03294],[11.27046,45.04451],[11.2659,45.05622],[11.24044,45.04295],[11.21219,45.05748],[11.17528,45.06007],[11.17549,45.07489],[11.18837,45.08408],[11.17682,45.08849],[11.17751,45.09734],[11.20343,45.11167],[11.18756,45.10995],[11.14644,45.12607],[11.1274,45.10323],[11.10214,45.11314],[11.09489,45.10607],[11.09757,45.09525],[11.07294,45.09875],[11.0287,45.12305],[11.04385,45.13428],[11.04946,45.15069],[11.03557,45.15011],[11.02837,45.15924],[11.01024,45.14866],[10.99373,45.15153],[10.99678,45.18738],[10.9854,45.19871],[10.93498,45.2142],[10.93081,45.22554],[10.93679,45.23294],[10.84661,45.25657],[10.84001,45.27289],[10.78282,45.31542],[10.73742,45.28724],[10.72835,45.2913],[10.73115,45.31519],[10.70638,45.3163],[10.71503,45.33387],[10.6869,45.34265],[10.68554,45.35368],[10.71463,45.36793],[10.69827,45.379],[10.71763,45.39669],[10.71648,45.41498],[10.66523,45.42772],[10.65463,45.41582],[10.64387,45.41782],[10.64676,45.44104],[10.62365,45.44362],[10.64774,45.44854],[10.63674,45.5209],[10.63538,45.53543]]]}},{"type":"Feature","properties":{"name":"Friuli-Venezia Giulia","kind":"regione"},"geometry":{"type":"Polygon","coordinates":[[[13.51691,46.38301],[13.51734,46.37728],[13.47011,46.36114],[13.43899,46.36021],[13.44726,46.33039],[13.41814,46.31817],[13.4028,46.3],[13.37555,46.29822],[13.4061,46.24344],[13.42245,46.23434],[13.41077,46.2123],[13.42345,46.20634],[13.4463,46.21284],[13.44828,46.22523],[13.48439,46.22455],[13.552,46.20917],[13.56124,46.20434],[13.56695,46.18567],[13.64572,46.18835],[13.6632,46.18012],[13.66417,46.1709],[13.64454,46.13811],[13.57209,46.08862],[13.50096,46.06166],[13.49659,46.04886],[13.51002,46.04625],[13.50666,46.03225],[13.47619,46.00625],[13.50029,45.9818],[13.54098,45.96487],[13.56871,45.96917],[13.58991,45.98967],[13.64201,45.98362],[13.63627,45.93404],[13.59684,45.88716],[13.59033,45.88832],[13.59105,45.87318],[13.57446,45.84308],[13.60331,45.80425],[13.67053,45.79816],[13.73589,45.75965],[13.7963,45.7427],[13.83371,45.70724],[13.83265,45.68956],[13.85813,45.66567],[13.91885,45.63357],[13.87412,45.61043],[13.84938,45.58478],[13.81053,45.58093],[13.74596,45.5978],[13.72306,45.59478],[13.72011,45.60584],[13.73112,45.60875],[13.78343,45.59873],[13.8076,45.61258],[13.7839,45.61303],[13.77364,45.63531],[13.75685,45.62789],[13.74868,45.64404],[13.76926,45.65296],[13.75341,45.68048],[13.67695,45.73698],[13.63101,45.76807],[13.58089,45.78176],[13.56191,45.77842],[13.53345,45.80473],[13.54462,45.79328],[13.53003,45.78811],[13.54788,45.78285],[13.52516,45.76971],[13.51719,45.74359],[13.55319,45.72456],[13.53056,45.72335],[13.48684,45.70463],[13.46491,45.70709],[13.45916,45.69319],[13.43332,45.67874],[13.34312,45.68052],[13.29064,45.70449],[13.2572,45.70768],[13.2458,45.7195],[13.24452,45.71325],[13.18579,45.71115],[13.15227,45.7005],[13.14722,45.68855],[13.11,45.66366],[13.10079,45.64339],[13.08336,45.65031],[13.08114,45.65882],[13.06337,45.65677],[13.06624,45.67344],[13.0436,45.68548],[13.05325,45.69452],[13.03684,45.69938],[13.03852,45.71724],[13.02921,45.73617],[13.00831,45.72489],[13.01606,45.73592],[13.00119,45.74929],[13.00606,45.76591],[12.97784,45.78794],[12.99172,45.79782],[12.98077,45.79748],[12.97788,45.81372],[12.98838,45.80874],[12.99324,45.81501],[12.97332,45.82027],[12.98207,45.8273],[12.97419,45.82336],[12.97088,45.82867],[12.97905,45.83404],[12.96143,45.84687],[12.952,45.84352],[12.95207,45.82221],[12.9295,45.81735],[12.92051,45.83134],[12.89006,45.82047],[12.86967,45.83376],[12.87602,45.84638],[12.86123,45.85061],[12.83689,45.84498],[12.80858,45.82018],[12.80032,45.82717],[12.80331,45.84497],[12.77983,45.85444],[12.74286,45.82662],[12.72997,45.83726],[12.66968,45.79079],[12.64973,45.80188],[12.654,45.80951],[12.64727,45.82],[12.63761,45.81805],[12.60568,45.83825],[12.59444,45.83077],[12.59385,45.81518],[12.5653,45.83181],[12.5593,45.82592],[12.54992,45.83949],[12.55735,45.84304],[12.54961,45.8607],[12.5311,45.86307],[12.53257,45.88027],[12.50829,45.89698],[12.52319,45.90309],[12.50975,45.90944],[12.506,45.92271],[12.46687,45.932],[12.45292,45.94714],[12.42584,45.94735],[12.42683,45.99639],[12.41528,46.02686],[12.39899,46.04142],[12.43565,46.08312],[12.48527,46.10652],[12.4972,46.12975],[12.49539,46.1505],[12.44698,46.18034],[12.44645,46.20777],[12.40528,46.20766],[12.40027,46.21126],[12.40871,46.22234],[12.40168,46.229],[12.37642,46.22294],[12.35553,46.23116],[12.32133,46.26457],[12.32905,46.28279],[12.35144,46.2938],[12.35466,46.31968],[12.37451,46.32925],[12.40953,46.33063],[12.42122,46.34258],[12.41738,46.35485],[12.42867,46.35159],[12.46294,46.36926],[12.45505,46.39167],[12.4691,46.39004],[12.49869,46.4122],[12.49248,46.42426],[12.50458,46.44001],[12.5248,46.44857],[12.53018,46.46445],[12.54169,46.45844],[12.5682,46.47572],[12.60679,46.46428],[12.62075,46.47537],[12.66236,46.46797],[12.65406,46.48439],[12.63008,46.50083],[12.61916,46.54004],[12.62873,46.5606],[12.64362,46.57581],[12.65696,46.57279],[12.68753,46.59986],[12.70784,46.60203],[12.70881,46.62352],[12.75972,46.6476],[12.8309,46.63061],[12.83732,46.62743],[12.83365,46.61065],[12.84704,46.6058],[12.9222,46.60909],[13.04454,46.59576],[13.0941,46.5989],[13.16367,46.5886],[13.21482,46.57014],[13.23253,46.55359],[13.26656,46.56008],[13.32054,46.55209],[13.34625,46.56876],[13.36838,46.5685],[13.37275,46.57936],[13.40584,46.57212],[13.40794,46.56162],[13.42543,46.55791],[13.5041,46.56608],[13.51817,46.5473],[13.54836,46.55325],[13.56406,46.55052],[13.5699,46.53888],[13.59705,46.54576],[13.67467,46.52331],[13.71385,46.52308],[13.7163,46.50832],[13.70349,46.50135],[13.70767,46.48282],[13.6946,46.46819],[13.69737,46.45429],[13.68877,46.43987],[13.64838,46.44606],[13.59863,46.43904],[13.57991,46.42752],[13.56955,46.40169],[13.5224,46.38492],[13.51691,46.38301]]]}},{"type":"Feature","properties":{"name":"Emilia-Romagna","kind":"regione"},"geometry":{"type":"Polygon","coordinates":[[[9.33258,44.73504],[9.2882,44.75744],[9.28472,44.76709],[9.31787,44.78621],[9.32153,44.80003],[9.3631,44.8224],[9.35033,44.83703],[9.34238,44.86727],[9.32239,44.87974],[9.29011,44.88221],[9.29283,44.89032],[9.27741,44.89561],[9.29297,44.92046],[9.28503,44.93177],[9.32154,44.94397],[9.33755,44.96538],[9.34398,44.99292],[9.36587,45.00304],[9.37561,45.01992],[9.36945,45.02373],[9.37559,45.04041],[9.37082,45.04815],[9.41078,45.08275],[9.4356,45.08183],[9.43901,45.09345],[9.49929,45.10392],[9.53342,45.0789],[9.551,45.09079],[9.53575,45.122],[9.54866,45.13265],[9.56858,45.10734],[9.58745,45.09962],[9.61196,45.1115],[9.61897,45.13355],[9.62935,45.13203],[9.64092,45.11662],[9.63494,45.08398],[9.67689,45.07761],[9.715,45.05824],[9.74959,45.07784],[9.74507,45.11094],[9.75754,45.11254],[9.77896,45.08958],[9.81326,45.0781],[9.81656,45.05446],[9.82376,45.05259],[9.83376,45.06168],[9.83139,45.08396],[9.83836,45.09565],[9.86152,45.09356],[9.88065,45.07479],[9.89677,45.08054],[9.90063,45.09544],[9.87783,45.11353],[9.88103,45.127],[9.92261,45.13594],[9.92707,45.12599],[9.91346,45.10465],[9.91849,45.0996],[9.93581,45.1044],[9.97119,45.13235],[9.98547,45.13343],[10.02853,45.09623],[10.02165,45.07589],[10.04695,45.05929],[10.05022,45.04128],[10.08231,45.04661],[10.09288,45.02376],[10.10619,45.02213],[10.161,45.04438],[10.1873,45.02822],[10.21107,45.03403],[10.25586,45.01781],[10.27393,44.99852],[10.30469,44.99904],[10.3089,44.98738],[10.35528,44.96616],[10.408,44.98384],[10.43776,44.94205],[10.51985,44.91273],[10.56703,44.9084],[10.62788,44.9242],[10.68668,44.98659],[10.69596,44.97447],[10.68804,44.9656],[10.69474,44.96194],[10.71077,44.97309],[10.71216,44.98526],[10.7274,44.99203],[10.74105,44.98091],[10.74816,44.9627],[10.74457,44.94893],[10.84769,44.9257],[10.86539,44.92962],[10.87663,44.91706],[10.89799,44.92181],[10.89031,44.91244],[10.91705,44.92413],[10.94137,44.92191],[10.95059,44.93333],[10.96716,44.93481],[10.99747,44.95509],[11.05954,44.94889],[11.0762,44.9616],[11.11802,44.95447],[11.15244,44.93324],[11.24621,44.95144],[11.27226,44.93832],[11.28537,44.95676],[11.3228,44.96116],[11.35716,44.95008],[11.37672,44.95808],[11.40573,44.94869],[11.42618,44.95207],[11.42937,44.92905],[11.53198,44.93683],[11.58333,44.9142],[11.59354,44.89089],[11.61737,44.88803],[11.67128,44.91476],[11.73407,44.92714],[11.74485,44.93497],[11.7399,44.94859],[11.74563,44.95733],[11.78383,44.96419],[11.80647,44.97716],[11.92458,44.97468],[11.96268,44.98683],[12.04749,44.97696],[12.11313,44.96037],[12.12758,44.9355],[12.14443,44.92829],[12.17068,44.94205],[12.18767,44.92643],[12.22497,44.92298],[12.27616,44.94329],[12.29474,44.92741],[12.28187,44.91002],[12.286,44.87237],[12.29411,44.86036],[12.34053,44.85007],[12.35516,44.81511],[12.39811,44.79278],[12.3752,44.78352],[12.32193,44.78852],[12.3421,44.78857],[12.32584,44.79623],[12.37473,44.78557],[12.38532,44.78994],[12.37275,44.79222],[12.31693,44.84126],[12.28553,44.83976],[12.25778,44.81519],[12.27078,44.81185],[12.26631,44.80435],[12.28523,44.81813],[12.25215,44.76938],[12.24103,44.7116],[12.24151,44.68576],[12.25236,44.67559],[12.25129,44.65995],[12.28108,44.59633],[12.27988,44.51706],[12.29378,44.4889],[12.28586,44.48601],[12.28903,44.46412],[12.31512,44.40662],[12.3572,44.27055],[12.39336,44.212],[12.51591,44.10525],[12.55581,44.07853],[12.5746,44.07912],[12.63225,44.02507],[12.6882,43.98712],[12.75062,43.96854],[12.75353,43.96003],[12.72869,43.92166],[12.73483,43.89602],[12.72265,43.88028],[12.73399,43.87026],[12.68246,43.85287],[12.68132,43.82807],[12.67498,43.82504],[12.6243,43.82105],[12.61001,43.83407],[12.6189,43.84263],[12.60514,43.8456],[12.60289,43.86193],[12.58936,43.86525],[12.58949,43.88565],[12.57245,43.88486],[12.56029,43.86903],[12.54295,43.86452],[12.51817,43.88104],[12.49372,43.8797],[12.48722,43.88633],[12.49241,43.91828],[12.51576,43.9422],[12.50728,43.95905],[12.51585,43.98478],[12.50702,43.99145],[12.43929,43.9591],[12.40459,43.9557],[12.41525,43.93074],[12.40836,43.90297],[12.4396,43.90557],[12.46314,43.89016],[12.44581,43.87125],[12.40061,43.87277],[12.39147,43.84699],[12.39854,43.82636],[12.38797,43.81679],[12.34979,43.7996],[12.31589,43.80564],[12.2862,43.79486],[12.28378,43.76492],[12.24825,43.7515],[12.22899,43.75955],[12.20929,43.75506],[12.19463,43.73192],[12.16481,43.76109],[12.12473,43.74922],[12.10744,43.75377],[12.07706,43.74065],[12.06459,43.74291],[12.05289,43.75698],[11.98651,43.76193],[11.95266,43.77658],[11.94782,43.79064],[11.91698,43.79614],[11.91038,43.81344],[11.88703,43.80868],[11.85606,43.8159],[11.84167,43.80802],[11.82091,43.81603],[11.78417,43.84765],[11.71017,43.87745],[11.71703,43.92182],[11.68421,43.93513],[11.69126,43.95596],[11.654,43.97526],[11.64602,43.99067],[11.65015,44.00299],[11.66394,44.00555],[11.65766,44.01773],[11.68189,44.0212],[11.7007,44.05556],[11.7334,44.08471],[11.75294,44.12054],[11.745,44.12597],[11.68174,44.1227],[11.65257,44.10086],[11.6141,44.11923],[11.58457,44.11221],[11.58783,44.1237],[11.59972,44.12515],[11.60361,44.13721],[11.61671,44.14338],[11.61536,44.15825],[11.56407,44.16747],[11.55245,44.16534],[11.54482,44.15261],[11.51637,44.1575],[11.48622,44.17564],[11.48359,44.18448],[11.45462,44.19375],[11.44811,44.19984],[11.45141,44.22063],[11.42107,44.23925],[11.38055,44.2],[11.34054,44.20377],[11.32658,44.19602],[11.32289,44.18173],[11.2958,44.1724],[11.28122,44.1563],[11.23929,44.15892],[11.19573,44.15141],[11.19587,44.14301],[11.21528,44.13191],[11.26009,44.11581],[11.26369,44.10427],[11.24456,44.0972],[11.15486,44.11181],[11.12764,44.10968],[11.0888,44.09002],[11.04943,44.09025],[11.00211,44.11235],[11.01493,44.12521],[11.01431,44.13749],[11.00639,44.13883],[10.97137,44.11627],[10.94473,44.08168],[10.91006,44.06254],[10.89952,44.0654],[10.90522,44.07993],[10.89235,44.09201],[10.87626,44.09992],[10.84921,44.09814],[10.83424,44.11434],[10.81915,44.11245],[10.77326,44.13466],[10.75426,44.15415],[10.66162,44.15402],[10.64398,44.16009],[10.62256,44.14118],[10.62406,44.12037],[10.5931,44.11542],[10.56881,44.13655],[10.52493,44.157],[10.52294,44.17484],[10.48924,44.19846],[10.49179,44.21756],[10.48461,44.22283],[10.4664,44.22967],[10.43078,44.22665],[10.37705,44.26708],[10.33714,44.27151],[10.30712,44.28432],[10.25386,44.26858],[10.22626,44.29997],[10.16852,44.32939],[10.14453,44.35328],[10.09827,44.34629],[10.0084,44.3901],[9.98928,44.40433],[10.00432,44.43733],[9.99633,44.44689],[9.9729,44.4506],[9.97014,44.4646],[9.89996,44.4727],[9.81967,44.4661],[9.81673,44.45205],[9.75552,44.40487],[9.76048,44.39005],[9.74476,44.3895],[9.74052,44.38057],[9.7169,44.38317],[9.67498,44.36471],[9.65455,44.41175],[9.63503,44.41511],[9.60149,44.43676],[9.58492,44.4284],[9.55484,44.43799],[9.54744,44.42684],[9.49284,44.42332],[9.47903,44.40926],[9.47229,44.42194],[9.43839,44.41854],[9.47055,44.47195],[9.46887,44.48188],[9.4968,44.48273],[9.49463,44.5004],[9.50461,44.52996],[9.48818,44.54557],[9.49077,44.55895],[9.46964,44.56587],[9.45336,44.56213],[9.45027,44.57182],[9.4407,44.56672],[9.42308,44.57461],[9.42131,44.5926],[9.40563,44.60081],[9.40262,44.59079],[9.38937,44.59022],[9.38108,44.57675],[9.36417,44.58473],[9.33634,44.58203],[9.30042,44.60777],[9.28751,44.6076],[9.28023,44.59617],[9.24625,44.59927],[9.25654,44.61059],[9.2455,44.61965],[9.20042,44.61533],[9.19804,44.64984],[9.20643,44.6602],[9.20032,44.6864],[9.24213,44.68746],[9.23226,44.70333],[9.23508,44.71636],[9.25948,44.67995],[9.27861,44.6856],[9.29851,44.68101],[9.32481,44.69026],[9.30848,44.70563],[9.33055,44.7301],[9.33258,44.73504]]]}},{"type":"Feature","properties":{"name":"Marche","kind":"regione"},"geometry":{"type":"Polygon","coordinates":[[[12.50082,43.51963],[12.48137,43.52754],[12.45907,43.51614],[12.43791,43.53767],[12.41651,43.53361],[12.39482,43.50884],[12.37004,43.53163],[12.34968,43.52178],[12.33324,43.52358],[12.31289,43.54451],[12.31979,43.55317],[12.34085,43.55267],[12.36693,43.57721],[12.37082,43.58646],[12.36174,43.59989],[12.3713,43.61117],[12.35473,43.61729],[12.35135,43.60814],[12.33445,43.6099],[12.29911,43.58592],[12.28779,43.59463],[12.25873,43.58912],[12.22505,43.59435],[12.20958,43.62127],[12.18967,43.63288],[12.18551,43.64183],[12.22678,43.65277],[12.24824,43.6674],[12.24507,43.68148],[12.27435,43.67664],[12.29335,43.68461],[12.30577,43.69794],[12.30113,43.72021],[12.30832,43.73018],[12.3204,43.68785],[12.31572,43.67792],[12.33605,43.67764],[12.33049,43.70797],[12.35732,43.70202],[12.37132,43.70902],[12.32707,43.75101],[12.28378,43.76492],[12.28454,43.79337],[12.31589,43.80564],[12.34979,43.7996],[12.38797,43.81679],[12.39854,43.82636],[12.39147,43.84699],[12.40061,43.87277],[12.44581,43.87125],[12.46964,43.8966],[12.4874,43.89647],[12.49372,43.8797],[12.51817,43.88104],[12.54113,43.86453],[12.56029,43.86903],[12.57245,43.88486],[12.58949,43.88565],[12.58936,43.86525],[12.60289,43.86193],[12.60514,43.8456],[12.6189,43.84263],[12.61001,43.83407],[12.6243,43.82105],[12.67498,43.82504],[12.68132,43.82807],[12.68246,43.85287],[12.73399,43.87026],[12.72265,43.88028],[12.73483,43.89602],[12.72869,43.92166],[12.75353,43.96003],[12.75158,43.96951],[12.79759,43.96517],[12.90733,43.923],[12.9836,43.86735],[13.02069,43.85224],[13.28619,43.67918],[13.45402,43.61051],[13.48421,43.60774],[13.49525,43.62254],[13.50429,43.61554],[13.50912,43.62214],[13.4997,43.63062],[13.50687,43.6305],[13.55169,43.60289],[13.57587,43.56881],[13.62554,43.55033],[13.62387,43.50222],[13.66996,43.42554],[13.70963,43.33725],[13.73591,43.3078],[13.77903,43.23477],[13.80504,43.17051],[13.81043,43.1635],[13.81366,43.16894],[13.81694,43.14731],[13.84394,43.10112],[13.88148,42.96413],[13.91621,42.89459],[13.82206,42.87967],[13.77796,42.86045],[13.70661,42.84932],[13.71088,42.84336],[13.6993,42.82262],[13.6636,42.80713],[13.63552,42.8033],[13.6244,42.81654],[13.5747,42.80081],[13.53452,42.81666],[13.52973,42.79599],[13.50421,42.77474],[13.504,42.75047],[13.49344,42.73662],[13.44757,42.73184],[13.43757,42.6992],[13.4274,42.70643],[13.3926,42.68738],[13.34194,42.70147],[13.31845,42.72339],[13.28413,42.73984],[13.2645,42.74018],[13.25415,42.72145],[13.18773,42.73354],[13.19924,42.74866],[13.19514,42.76191],[13.22157,42.77272],[13.24126,42.76274],[13.26403,42.80824],[13.23592,42.86725],[13.23221,42.85623],[13.2108,42.84148],[13.16332,42.83238],[13.11225,42.88933],[13.05228,42.91955],[13.02495,42.90257],[13.00098,42.90929],[12.99036,42.87214],[12.97615,42.8698],[12.96906,42.90366],[12.9767,42.9261],[12.94933,42.92996],[12.94805,42.94147],[12.89582,42.96459],[12.90823,42.98531],[12.88796,43.0098],[12.9066,43.0355],[12.88993,43.05888],[12.89733,43.09348],[12.88503,43.09964],[12.88131,43.12121],[12.84319,43.12227],[12.83315,43.13897],[12.83375,43.14766],[12.85189,43.15392],[12.86264,43.16739],[12.86369,43.2093],[12.8366,43.21753],[12.82575,43.24848],[12.82869,43.26061],[12.78898,43.28323],[12.80243,43.30471],[12.79411,43.33405],[12.75934,43.36435],[12.74681,43.39045],[12.77172,43.40095],[12.78084,43.41481],[12.76556,43.42712],[12.76654,43.44564],[12.77644,43.45052],[12.77191,43.45707],[12.73462,43.46434],[12.71527,43.44609],[12.70881,43.42584],[12.66318,43.43683],[12.63559,43.42967],[12.6194,43.41657],[12.6171,43.42901],[12.56462,43.45955],[12.50364,43.51837],[12.50082,43.51963]]]}},{"type":"Feature","properties":{"name":"Toscana","kind":"regione"},"geometry":{"type":"MultiPolygon","coordinates":[[[[9.89786,44.16359],[9.89237,44.16802],[9.92239,44.19506],[9.93401,44.19662],[9.91451,44.1996],[9.90851,44.20977],[9.89121,44.20781],[9.86496,44.18071],[9.85755,44.19351],[9.87536,44.22394],[9.85703,44.23403],[9.86016,44.25243],[9.85266,44.27021],[9.76949,44.30221],[9.75311,44.32273],[9.72946,44.32833],[9.71115,44.36358],[9.6867,44.36594],[9.7169,44.38317],[9.74052,44.38057],[9.74476,44.3895],[9.76048,44.39005],[9.75552,44.40487],[9.81673,44.45205],[9.82177,44.46676],[9.89996,44.4727],[9.97071,44.46444],[9.9729,44.4506],[9.99633,44.44689],[10.00432,44.43733],[9.98928,44.40433],[10.0084,44.3901],[10.09827,44.34629],[10.14453,44.35328],[10.16852,44.32939],[10.22626,44.29997],[10.25386,44.26858],[10.30712,44.28432],[10.33714,44.27151],[10.37705,44.26708],[10.43078,44.22665],[10.4664,44.22967],[10.48461,44.22283],[10.49179,44.21756],[10.48924,44.19846],[10.52294,44.17484],[10.52493,44.157],[10.56881,44.13655],[10.59253,44.11561],[10.62406,44.12037],[10.62256,44.14118],[10.64099,44.15952],[10.75192,44.15467],[10.80411,44.11862],[10.82917,44.11667],[10.84921,44.09814],[10.87626,44.09992],[10.90194,44.08635],[10.89914,44.06648],[10.90473,44.06325],[10.91772,44.06278],[10.94414,44.08123],[10.97137,44.11627],[11.00639,44.13883],[11.01431,44.13749],[11.01493,44.12521],[11.00211,44.11235],[11.04943,44.09025],[11.0888,44.09002],[11.12764,44.10968],[11.15486,44.11181],[11.24733,44.09777],[11.26369,44.10427],[11.26009,44.11581],[11.21528,44.13191],[11.19587,44.14301],[11.19573,44.15141],[11.23929,44.15892],[11.28122,44.1563],[11.2958,44.1724],[11.32289,44.18173],[11.32658,44.19602],[11.34054,44.20377],[11.38055,44.2],[11.42107,44.23925],[11.45141,44.22063],[11.44811,44.19984],[11.45462,44.19375],[11.48359,44.18448],[11.48622,44.17564],[11.51637,44.1575],[11.54482,44.15261],[11.55245,44.16534],[11.56407,44.16747],[11.61536,44.15825],[11.61671,44.14338],[11.60361,44.13721],[11.59972,44.12515],[11.58783,44.1237],[11.58457,44.11221],[11.6141,44.11923],[11.65257,44.10086],[11.68174,44.1227],[11.745,44.12597],[11.75294,44.12054],[11.68189,44.0212],[11.65766,44.01773],[11.66394,44.00555],[11.65015,44.00299],[11.64602,43.99067],[11.654,43.97526],[11.69126,43.95596],[11.68421,43.93513],[11.71703,43.92182],[11.71017,43.87745],[11.73202,43.86339],[11.78417,43.84765],[11.82091,43.81603],[11.84167,43.80802],[11.85606,43.8159],[11.88703,43.80868],[11.91038,43.81344],[11.9131,43.79893],[11.94828,43.79038],[11.95338,43.77609],[11.98651,43.76193],[12.05289,43.75698],[12.07032,43.74081],[12.16005,43.76169],[12.19463,43.73192],[12.20929,43.75506],[12.22899,43.75955],[12.24825,43.7515],[12.28378,43.76492],[12.32707,43.75101],[12.37132,43.70902],[12.35732,43.70202],[12.33049,43.70797],[12.33605,43.67764],[12.31572,43.67792],[12.3204,43.68785],[12.30832,43.73018],[12.30113,43.72021],[12.30577,43.69794],[12.29335,43.68461],[12.27435,43.67664],[12.24507,43.68148],[12.24948,43.66893],[12.23334,43.6565],[12.18551,43.64183],[12.21383,43.61089],[12.16266,43.56137],[12.15324,43.52871],[12.1431,43.53407],[12.10273,43.52993],[12.09089,43.51123],[12.09509,43.49916],[12.14483,43.47957],[12.14324,43.47029],[12.10455,43.46059],[12.08136,43.43405],[12.05688,43.43825],[12.02521,43.41557],[12.03366,43.40024],[12.07731,43.40214],[12.077,43.36583],[12.10257,43.37245],[12.12482,43.35801],[12.13543,43.34065],[12.13432,43.31624],[12.12683,43.30818],[12.1326,43.29304],[12.17704,43.28178],[12.19508,43.31422],[12.22389,43.2958],[12.20865,43.28196],[12.17471,43.27309],[12.14831,43.2546],[12.12105,43.25495],[12.09237,43.23591],[12.04332,43.25071],[12.03384,43.24602],[12.03904,43.22885],[12.02335,43.18726],[11.98785,43.18083],[11.92498,43.14925],[11.91325,43.12766],[11.93095,43.0924],[11.92375,43.07522],[11.94007,43.05328],[11.95659,43.06868],[11.97312,43.06364],[11.9824,43.05095],[11.94952,42.97653],[11.95208,42.9497],[11.93272,42.9085],[11.9588,42.89156],[11.95904,42.87059],[11.92867,42.86892],[11.91485,42.85216],[11.89189,42.84288],[11.89459,42.83429],[11.84744,42.83766],[11.81457,42.82335],[11.80685,42.79486],[11.77424,42.82107],[11.75335,42.80224],[11.74602,42.78576],[11.76453,42.77897],[11.77942,42.75802],[11.81949,42.74543],[11.80156,42.70719],[11.77996,42.70535],[11.78516,42.67219],[11.79994,42.66845],[11.80928,42.65295],[11.80478,42.644],[11.78089,42.63468],[11.74976,42.63965],[11.75183,42.6256],[11.73597,42.60666],[11.71029,42.61002],[11.67985,42.59525],[11.68174,42.58181],[11.64376,42.5667],[11.62548,42.56925],[11.61401,42.55723],[11.60384,42.56831],[11.57872,42.5672],[11.58584,42.54176],[11.57012,42.53449],[11.56086,42.51703],[11.61629,42.48848],[11.61771,42.43604],[11.54428,42.44216],[11.51813,42.43358],[11.48889,42.43937],[11.47685,42.41405],[11.45081,42.39505],[11.44985,42.37754],[11.36187,42.39907],[11.28296,42.40679],[11.27326,42.41853],[11.24248,42.41833],[11.21025,42.40856],[11.20553,42.40131],[11.21186,42.40186],[11.20725,42.39492],[11.21325,42.38848],[11.19196,42.37936],[11.18986,42.36475],[11.16571,42.368],[11.1529,42.36119],[11.1509,42.37089],[11.12734,42.38569],[11.09807,42.39325],[11.08856,42.42726],[11.10521,42.44755],[11.12331,42.4345],[11.16024,42.43443],[11.17279,42.44448],[11.19207,42.50135],[11.17897,42.53818],[11.15679,42.56277],[11.13903,42.56074],[11.13415,42.55142],[11.12272,42.55848],[11.09939,42.60455],[11.08229,42.61373],[11.08844,42.61806],[11.08533,42.62682],[11.01357,42.65702],[10.98022,42.71576],[10.95155,42.73689],[10.86747,42.76466],[10.78497,42.77483],[10.73085,42.8019],[10.73536,42.80905],[10.75844,42.80884],[10.77273,42.83105],[10.77067,42.86748],[10.78662,42.88837],[10.77362,42.9088],[10.71229,42.94001],[10.64577,42.95312],[10.56121,42.95095],[10.55382,42.94829],[10.56268,42.94443],[10.55927,42.93697],[10.55505,42.94248],[10.54277,42.93474],[10.55135,42.93042],[10.54314,42.92076],[10.49754,42.9319],[10.48317,42.9881],[10.4943,42.99461],[10.50714,42.99068],[10.51606,42.99908],[10.51088,43.01147],[10.52205,43.02054],[10.53657,43.08394],[10.53868,43.16648],[10.52598,43.23976],[10.50189,43.29019],[10.45718,43.3254],[10.45479,43.34464],[10.42549,43.39912],[10.40498,43.40519],[10.3791,43.44887],[10.33045,43.47384],[10.31848,43.50986],[10.2925,43.54695],[10.30384,43.54881],[10.29588,43.55369],[10.31993,43.58433],[10.2944,43.56065],[10.29898,43.58145],[10.28527,43.64332],[10.26971,43.6769],[10.2826,43.68642],[10.2776,43.73752],[10.25789,43.8157],[10.23833,43.85558],[10.23954,43.87017],[10.19029,43.93298],[10.14362,43.97538],[10.06881,44.02542],[10.01877,44.04448],[10.06637,44.08664],[10.06603,44.1007],[10.04738,44.11512],[10.01861,44.11925],[9.99331,44.09268],[9.98672,44.09687],[9.99508,44.11573],[9.98297,44.12601],[9.97334,44.16711],[9.90277,44.16567],[9.89786,44.16359]]],[[[10.26537,42.74474],[10.23801,42.74823],[10.23679,42.72604],[10.20005,42.73551],[10.14068,42.73229],[10.12215,42.74196],[10.10375,42.76797],[10.10318,42.78363],[10.13658,42.80742],[10.18517,42.81139],[10.24186,42.78739],[10.24823,42.79945],[10.26522,42.79961],[10.27521,42.81751],[10.26379,42.82985],[10.32883,42.818],[10.32959,42.81204],[10.31448,42.80715],[10.34984,42.79736],[10.36106,42.80283],[10.36228,42.81781],[10.37952,42.82843],[10.41144,42.87299],[10.44221,42.84816],[10.42862,42.81613],[10.43407,42.77549],[10.38571,42.75935],[10.4097,42.75386],[10.40664,42.74721],[10.4309,42.73578],[10.43155,42.71252],[10.42006,42.70773],[10.41116,42.71635],[10.38233,42.71541],[10.35815,42.75833],[10.34463,42.76394],[10.31818,42.75997],[10.32569,42.74493],[10.31951,42.73602],[10.30762,42.75956],[10.291,42.75305],[10.28703,42.73562],[10.26636,42.74216],[10.26537,42.74474]]]]}},{"type":"Feature","properties":{"name":"Umbria","kind":"regione"},"geometry":{"type":"Polygon","coordinates":[[[13.15849,42.65425],[13.14655,42.64699],[13.11819,42.65765],[13.10904,42.64189],[13.0633,42.62331],[13.03787,42.62737],[13.02428,42.63904],[13.00432,42.61524],[12.9525,42.61893],[12.93745,42.61536],[12.93012,42.60288],[12.89634,42.61644],[12.88052,42.60935],[12.89419,42.57759],[12.89273,42.5635],[12.85768,42.55611],[12.81804,42.53294],[12.7732,42.53128],[12.77354,42.51309],[12.72759,42.50914],[12.71113,42.5008],[12.74157,42.47053],[12.72469,42.46041],[12.70278,42.4609],[12.67274,42.44211],[12.64986,42.44309],[12.64108,42.4678],[12.62097,42.46846],[12.61405,42.4641],[12.61951,42.45191],[12.61099,42.42797],[12.61489,42.41448],[12.60607,42.40353],[12.52611,42.36418],[12.5141,42.37766],[12.51824,42.39725],[12.51113,42.40357],[12.45089,42.39662],[12.44469,42.39882],[12.46732,42.4204],[12.4636,42.42909],[12.41365,42.4256],[12.41946,42.43647],[12.41368,42.45517],[12.43038,42.45802],[12.42757,42.46521],[12.41244,42.46756],[12.41365,42.47911],[12.42783,42.48694],[12.42139,42.49253],[12.39017,42.49819],[12.38535,42.48916],[12.35123,42.47365],[12.32586,42.49459],[12.29987,42.48751],[12.28924,42.49451],[12.30298,42.49132],[12.30735,42.4973],[12.27477,42.50921],[12.28264,42.52272],[12.26618,42.53609],[12.27855,42.54156],[12.27504,42.55991],[12.23866,42.57218],[12.23585,42.58331],[12.24756,42.59669],[12.22914,42.61109],[12.24334,42.62809],[12.22565,42.63555],[12.22692,42.64348],[12.20434,42.66046],[12.16093,42.67669],[12.14621,42.65894],[12.13233,42.66167],[12.12406,42.64929],[12.10673,42.66467],[12.09451,42.65549],[12.07372,42.65667],[12.03,42.64324],[12.02993,42.65016],[12.00708,42.66245],[11.94133,42.6833],[11.94876,42.69601],[11.92629,42.70474],[11.94538,42.72529],[11.96059,42.72815],[11.97948,42.76459],[11.92743,42.78092],[11.90563,42.82956],[11.89189,42.84288],[11.91485,42.85216],[11.9305,42.86972],[11.95904,42.87059],[11.9588,42.89156],[11.93272,42.9085],[11.95208,42.9497],[11.94952,42.97653],[11.98243,43.05056],[11.97369,43.06324],[11.95714,43.06862],[11.94784,43.0555],[11.93607,43.05593],[11.92375,43.07522],[11.93073,43.09339],[11.91325,43.12766],[11.92498,43.14925],[11.94033,43.15913],[11.98785,43.18083],[12.02335,43.18726],[12.03904,43.22885],[12.03384,43.24602],[12.0496,43.25277],[12.09237,43.23591],[12.12105,43.25495],[12.14831,43.2546],[12.17471,43.27309],[12.20865,43.28196],[12.22389,43.2958],[12.19508,43.31422],[12.17704,43.28178],[12.1326,43.29304],[12.12683,43.30818],[12.13432,43.31624],[12.13543,43.34065],[12.12396,43.35895],[12.10257,43.37245],[12.07374,43.3686],[12.07731,43.40214],[12.03063,43.4035],[12.02521,43.41557],[12.03214,43.42371],[12.05788,43.4385],[12.08136,43.43405],[12.10455,43.46059],[12.14324,43.47029],[12.14118,43.48186],[12.0925,43.50107],[12.09535,43.5218],[12.10273,43.52993],[12.1431,43.53407],[12.15324,43.52871],[12.16266,43.56137],[12.21383,43.61089],[12.227,43.59352],[12.26146,43.5889],[12.28779,43.59463],[12.2978,43.5858],[12.33445,43.6099],[12.35135,43.60814],[12.35612,43.61734],[12.3713,43.61117],[12.36174,43.59989],[12.37082,43.58646],[12.36693,43.57721],[12.34085,43.55267],[12.31979,43.55317],[12.31276,43.5442],[12.33324,43.52358],[12.34968,43.52178],[12.37004,43.53163],[12.39482,43.50884],[12.41651,43.53361],[12.43179,43.53711],[12.45907,43.51614],[12.48405,43.52723],[12.51545,43.51002],[12.57551,43.45139],[12.6171,43.42901],[12.6194,43.41657],[12.63559,43.42967],[12.66318,43.43683],[12.70881,43.42584],[12.71527,43.44609],[12.73462,43.46434],[12.77191,43.45707],[12.77644,43.45052],[12.76654,43.44564],[12.76556,43.42712],[12.78084,43.41481],[12.77172,43.40095],[12.74681,43.39045],[12.75934,43.36435],[12.79411,43.33405],[12.80243,43.30471],[12.78898,43.28323],[12.82869,43.26061],[12.82575,43.24848],[12.8366,43.21753],[12.86369,43.2093],[12.86264,43.16739],[12.85189,43.15392],[12.83375,43.14766],[12.83315,43.13897],[12.84319,43.12227],[12.88131,43.12121],[12.88503,43.09964],[12.89733,43.09348],[12.88993,43.05888],[12.9066,43.0355],[12.88796,43.0098],[12.90823,42.98531],[12.89582,42.96459],[12.94805,42.94147],[12.94933,42.92996],[12.9767,42.9261],[12.96906,42.90366],[12.97615,42.8698],[12.99036,42.87214],[13.00098,42.90929],[13.02495,42.90257],[13.05471,42.91944],[13.08119,42.89967],[13.11225,42.88933],[13.1543,42.83542],[13.2108,42.84148],[13.23221,42.85623],[13.23525,42.8677],[13.24806,42.84889],[13.26421,42.80928],[13.24562,42.76777],[13.23855,42.76093],[13.23679,42.76929],[13.22106,42.77268],[13.19469,42.76143],[13.19954,42.75071],[13.18767,42.73564],[13.19071,42.71044],[13.17333,42.68731],[13.17947,42.6834],[13.17414,42.66611],[13.16034,42.65624],[13.15849,42.65425]]]}},{"type":"Feature","properties":{"name":"Lazio","kind":"regione"},"geometry":{"type":"Polygon","coordinates":[[[11.81091,42.80692],[11.8137,42.82267],[11.84744,42.83766],[11.90394,42.83215],[11.92743,42.78092],[11.97948,42.76459],[11.96924,42.7379],[11.9262,42.70386],[11.94876,42.69601],[11.94133,42.6833],[12.00708,42.66245],[12.02993,42.65016],[12.03,42.64324],[12.07372,42.65667],[12.09451,42.65549],[12.10673,42.66467],[12.12406,42.64929],[12.13233,42.66167],[12.14621,42.65894],[12.16093,42.67669],[12.20434,42.66046],[12.22692,42.64348],[12.22565,42.63555],[12.24334,42.62809],[12.22914,42.61109],[12.24756,42.59669],[12.23585,42.58331],[12.23866,42.57218],[12.27504,42.55991],[12.27855,42.54156],[12.26618,42.53609],[12.28264,42.52272],[12.27477,42.50921],[12.30735,42.4973],[12.30298,42.49132],[12.28924,42.49451],[12.29987,42.48751],[12.32586,42.49459],[12.35123,42.47365],[12.38535,42.48916],[12.39017,42.49819],[12.42139,42.49253],[12.42783,42.48694],[12.41365,42.47911],[12.41244,42.46756],[12.42757,42.46521],[12.43038,42.45802],[12.41368,42.45517],[12.41946,42.43647],[12.41365,42.4256],[12.4636,42.42909],[12.46732,42.4204],[12.44469,42.39882],[12.45089,42.39662],[12.51113,42.40357],[12.51824,42.39725],[12.5141,42.37766],[12.52611,42.36418],[12.60607,42.40353],[12.61489,42.41448],[12.61099,42.42797],[12.61951,42.45191],[12.61405,42.4641],[12.62097,42.46846],[12.64108,42.4678],[12.64986,42.44309],[12.67274,42.44211],[12.70278,42.4609],[12.72469,42.46041],[12.74157,42.47053],[12.71113,42.5008],[12.72759,42.50914],[12.77354,42.51309],[12.7732,42.53128],[12.81804,42.53294],[12.85768,42.55611],[12.89273,42.5635],[12.89419,42.57759],[12.88009,42.60236],[12.88962,42.61351],[12.93012,42.60288],[12.93745,42.61536],[12.9525,42.61893],[13.01122,42.61711],[13.02428,42.63904],[13.05857,42.62284],[13.10904,42.64189],[13.11819,42.65765],[13.14655,42.64699],[13.17414,42.66611],[13.17947,42.6834],[13.17333,42.68731],[13.19071,42.71044],[13.18921,42.73359],[13.25415,42.72145],[13.2645,42.74018],[13.27926,42.74086],[13.31845,42.72339],[13.35776,42.6941],[13.34879,42.66861],[13.37262,42.64936],[13.40828,42.64286],[13.39035,42.60849],[13.39401,42.59126],[13.38178,42.58101],[13.32168,42.57863],[13.29328,42.56954],[13.27936,42.58326],[13.25333,42.58118],[13.24594,42.57271],[13.19136,42.58752],[13.19227,42.57797],[13.17427,42.56751],[13.17351,42.54545],[13.1558,42.54005],[13.16688,42.51554],[13.17777,42.51264],[13.17141,42.48512],[13.17842,42.47934],[13.11617,42.44391],[13.15517,42.41422],[13.1892,42.40022],[13.19416,42.38919],[13.15335,42.35699],[13.22646,42.31933],[13.22893,42.28718],[13.24256,42.26889],[13.26982,42.25506],[13.28282,42.23693],[13.33562,42.2224],[13.33189,42.20818],[13.34147,42.19841],[13.37989,42.18045],[13.34237,42.17681],[13.35457,42.16737],[13.32727,42.16386],[13.32832,42.15468],[13.31748,42.15365],[13.30529,42.13826],[13.26951,42.13755],[13.24878,42.12743],[13.19541,42.15779],[13.16971,42.15071],[13.11989,42.1767],[13.08706,42.17787],[13.09348,42.16065],[13.08592,42.14392],[13.0573,42.12287],[13.03078,42.1221],[13.01896,42.07398],[13.02662,42.05003],[13.04648,42.03532],[13.05453,42.01637],[13.10102,42.00799],[13.09661,42.02195],[13.10497,42.026],[13.19908,41.9865],[13.22666,41.9835],[13.28722,41.94989],[13.30842,41.95306],[13.3455,41.92218],[13.36437,41.92475],[13.38274,41.90079],[13.35898,41.86931],[13.36728,41.86333],[13.36683,41.83307],[13.37952,41.81746],[13.39099,41.81927],[13.3963,41.83403],[13.4169,41.83467],[13.45381,41.8219],[13.4697,41.80663],[13.50508,41.8016],[13.52044,41.77297],[13.57182,41.7543],[13.63127,41.78265],[13.64276,41.79218],[13.63787,41.80372],[13.64893,41.81094],[13.67417,41.80721],[13.70555,41.78747],[13.72956,41.7989],[13.73122,41.78707],[13.74911,41.77278],[13.74937,41.76124],[13.76717,41.74887],[13.79014,41.74297],[13.81254,41.75414],[13.82762,41.73918],[13.87922,41.72871],[13.89171,41.73515],[13.90446,41.71819],[13.91931,41.71786],[13.93287,41.69305],[13.9877,41.65537],[13.99667,41.62414],[14.01113,41.60779],[13.99895,41.57448],[14.026,41.55544],[14.0207,41.54236],[14.00526,41.53875],[14.02764,41.52407],[13.99473,41.51292],[13.97291,41.49404],[13.99278,41.48208],[13.97791,41.46249],[13.96123,41.46394],[13.91086,41.42868],[13.87657,41.42622],[13.86121,41.41657],[13.88542,41.39981],[13.87558,41.3961],[13.88414,41.38325],[13.87075,41.36468],[13.87368,41.33562],[13.89481,41.31164],[13.88974,41.29748],[13.82843,41.28103],[13.83074,41.26641],[13.83999,41.26237],[13.83362,41.25503],[13.81504,41.24455],[13.77198,41.24211],[13.76211,41.2226],[13.70596,41.25371],[13.68365,41.24448],[13.61809,41.2597],[13.57385,41.24019],[13.57123,41.21782],[13.58946,41.20994],[13.5753,41.20414],[13.5456,41.2094],[13.51831,41.22468],[13.50329,41.22133],[13.48491,41.23806],[13.46353,41.24037],[13.37935,41.27973],[13.29034,41.29702],[13.26605,41.29448],[13.25756,41.28295],[13.17308,41.27559],[13.11574,41.24792],[13.09365,41.22529],[13.05729,41.22419],[13.03364,41.24098],[13.01953,41.28206],[12.97565,41.34009],[12.90088,41.39166],[12.84049,41.41435],[12.78243,41.41788],[12.76384,41.41043],[12.68438,41.45296],[12.66144,41.45635],[12.61804,41.44642],[12.55278,41.53404],[12.43956,41.6384],[12.35342,41.69485],[12.23422,41.74057],[12.25632,41.74616],[12.22233,41.74437],[12.21933,41.75137],[12.2244,41.74456],[12.2291,41.75121],[12.22049,41.76839],[12.22374,41.78303],[12.20346,41.82984],[12.14061,41.91545],[12.05169,41.95568],[12.02189,41.98392],[11.97881,41.99692],[11.96389,42.01426],[11.9146,42.0393],[11.83451,42.02921],[11.80691,42.07991],[11.7602,42.11171],[11.76324,42.12243],[11.73377,42.15806],[11.73934,42.17087],[11.66373,42.2692],[11.56241,42.33505],[11.44985,42.37754],[11.45081,42.39505],[11.47685,42.41405],[11.48889,42.43937],[11.51813,42.43358],[11.54428,42.44216],[11.61771,42.43604],[11.61629,42.48848],[11.56086,42.51703],[11.57012,42.53449],[11.58584,42.54176],[11.57872,42.5672],[11.60384,42.56831],[11.61401,42.55723],[11.62548,42.56925],[11.64376,42.5667],[11.68174,42.58181],[11.67985,42.59525],[11.71029,42.61002],[11.73597,42.60666],[11.75183,42.6256],[11.74976,42.63965],[11.78089,42.63468],[11.80478,42.644],[11.80894,42.65867],[11.78516,42.67219],[11.77996,42.70535],[11.80156,42.70719],[11.81949,42.74543],[11.77942,42.75802],[11.76453,42.77897],[11.74602,42.78576],[11.76907,42.82019],[11.78704,42.81529],[11.80604,42.79506],[11.81121,42.80614],[11.81091,42.80692]]]}},{"type":"Feature","properties":{"name":"Campania","kind":"regione"},"geometry":{"type":"Polygon","coordinates":[[[14.08681,41.45966],[14.08241,41.46545],[14.11192,41.48891],[14.12076,41.507],[14.16496,41.47878],[14.17241,41.49918],[14.24075,41.4972],[14.24942,41.48455],[14.27913,41.48638],[14.29214,41.47634],[14.28428,41.4721],[14.32716,41.45344],[14.40094,41.4372],[14.41251,41.44122],[14.43071,41.42873],[14.47735,41.41898],[14.48861,41.39071],[14.50507,41.3825],[14.55129,41.37946],[14.56633,41.39213],[14.60304,41.36396],[14.64341,41.39402],[14.6617,41.39371],[14.66606,41.40653],[14.69962,41.41084],[14.71657,41.40076],[14.74813,41.40845],[14.7647,41.41737],[14.7713,41.44185],[14.78494,41.45209],[14.84312,41.42661],[14.86414,41.42632],[14.8855,41.44495],[14.94689,41.45608],[15.00762,41.48639],[15.02329,41.47733],[15.03244,41.45268],[15.10083,41.42967],[15.10304,41.42086],[15.08664,41.40723],[15.09831,41.39057],[15.07995,41.38811],[15.05847,41.37213],[15.07219,41.33246],[15.13056,41.31719],[15.12677,41.30295],[15.14916,41.28045],[15.201,41.28627],[15.19974,41.27945],[15.21574,41.27594],[15.22044,41.26519],[15.2504,41.27046],[15.2791,41.2428],[15.24618,41.23611],[15.26242,41.19763],[15.22354,41.18194],[15.21043,41.16445],[15.21079,41.14867],[15.23574,41.14014],[15.26214,41.10762],[15.28257,41.09733],[15.2978,41.0944],[15.31436,41.10389],[15.3664,41.08489],[15.39638,41.10682],[15.4461,41.07801],[15.47786,41.07861],[15.54826,41.05262],[15.56324,41.03075],[15.55876,41.02158],[15.56958,41.00197],[15.56827,40.97565],[15.54374,40.94766],[15.52724,40.90783],[15.46763,40.8896],[15.47302,40.87434],[15.46081,40.86715],[15.42872,40.87961],[15.38811,40.87562],[15.37263,40.88572],[15.35416,40.88265],[15.35524,40.87089],[15.37795,40.86764],[15.37727,40.83603],[15.33497,40.83488],[15.36646,40.81214],[15.3805,40.81095],[15.36611,40.80048],[15.3877,40.79346],[15.38134,40.78167],[15.39111,40.76725],[15.37906,40.75093],[15.38148,40.72415],[15.40989,40.71287],[15.43035,40.69207],[15.50364,40.66367],[15.48944,40.6462],[15.46746,40.63894],[15.44947,40.6091],[15.47402,40.59265],[15.51013,40.58575],[15.51989,40.57049],[15.53934,40.56806],[15.52882,40.5564],[15.542,40.5324],[15.53531,40.52226],[15.55047,40.50925],[15.53523,40.49964],[15.53886,40.48805],[15.5759,40.46959],[15.58673,40.4436],[15.64798,40.41401],[15.66273,40.39249],[15.67099,40.39827],[15.70064,40.38384],[15.70981,40.37594],[15.70475,40.34224],[15.72688,40.31545],[15.74764,40.29922],[15.7897,40.29003],[15.80636,40.27323],[15.79962,40.26778],[15.80385,40.25068],[15.78782,40.23737],[15.79572,40.22192],[15.73126,40.19933],[15.72801,40.1859],[15.71253,40.17844],[15.71593,40.16877],[15.70106,40.16062],[15.70938,40.13861],[15.70583,40.11773],[15.67698,40.08447],[15.65175,40.07886],[15.66859,40.07325],[15.67616,40.0549],[15.64534,40.04296],[15.62684,40.05635],[15.63233,40.0683],[15.62547,40.07408],[15.6174,40.06844],[15.5754,40.07802],[15.5236,40.07183],[15.45803,40.03031],[15.41987,39.99048],[15.35457,39.99999],[15.31452,40.03164],[15.27109,40.02243],[15.26771,40.03133],[15.28503,40.03587],[15.27124,40.07423],[15.20477,40.12349],[15.17762,40.12805],[15.13293,40.17092],[15.11282,40.17702],[15.06572,40.16451],[15.03491,40.17223],[14.99094,40.21889],[14.95141,40.23334],[14.93496,40.22871],[14.90998,40.24352],[14.90486,40.25326],[14.9443,40.278],[14.94635,40.3058],[14.93931,40.31933],[14.9448,40.33557],[14.9947,40.35441],[14.99887,40.3884],[14.89379,40.56599],[14.84814,40.61785],[14.7914,40.66378],[14.74862,40.67759],[14.71834,40.66604],[14.68939,40.63368],[14.6249,40.64788],[14.5728,40.61302],[14.52823,40.60674],[14.4863,40.62739],[14.41891,40.61029],[14.40689,40.59927],[14.34735,40.57953],[14.34567,40.57195],[14.33755,40.57005],[14.33758,40.57685],[14.32452,40.56904],[14.32336,40.59021],[14.34149,40.61827],[14.33865,40.62582],[14.3997,40.63798],[14.40796,40.6516],[14.4036,40.65631],[14.43071,40.66625],[14.44837,40.68752],[14.47828,40.69534],[14.48203,40.70323],[14.47052,40.72884],[14.44864,40.75291],[14.40027,40.75763],[14.31595,40.82543],[14.26979,40.84333],[14.24712,40.82894],[14.22325,40.82917],[14.20728,40.80243],[14.19026,40.79386],[14.17497,40.79889],[14.16142,40.79284],[14.17333,40.80237],[14.16217,40.81532],[14.12459,40.82035],[14.10535,40.83143],[14.08578,40.82967],[14.07209,40.8178],[14.08202,40.81175],[14.08761,40.79423],[14.078,40.79019],[14.0886,40.78723],[14.08908,40.77795],[14.07799,40.78727],[14.03924,40.79201],[14.04689,40.85049],[14.01574,40.92874],[13.92196,41.0263],[13.89381,41.09016],[13.83172,41.16739],[13.76211,41.2226],[13.77198,41.24211],[13.81504,41.24455],[13.83362,41.25503],[13.83999,41.26237],[13.83074,41.26641],[13.82843,41.28103],[13.88974,41.29748],[13.89481,41.31164],[13.87368,41.33562],[13.87075,41.36468],[13.88414,41.38325],[13.87558,41.3961],[13.88542,41.39981],[13.86369,41.40903],[13.86327,41.41882],[13.87657,41.42622],[13.90394,41.4256],[13.96123,41.46394],[13.97503,41.46342],[14.00704,41.45188],[14.00071,41.43093],[14.02658,41.41669],[14.04239,41.39278],[14.08477,41.40003],[14.11144,41.38643],[14.10572,41.4224],[14.07837,41.44708],[14.08382,41.45714],[14.08681,41.45966]]]}},{"type":"Feature","properties":{"name":"Abruzzo","kind":"regione"},"geometry":{"type":"Polygon","coordinates":[[[13.94102,41.68797],[13.91931,41.71786],[13.90446,41.71819],[13.89171,41.73515],[13.87922,41.72871],[13.85645,41.73123],[13.82348,41.74088],[13.8121,41.7542],[13.79014,41.74297],[13.76717,41.74887],[13.74937,41.76124],[13.74911,41.77278],[13.73122,41.78707],[13.72956,41.7989],[13.70555,41.78747],[13.67417,41.80721],[13.64893,41.81094],[13.63787,41.80372],[13.64276,41.79218],[13.63127,41.78265],[13.57182,41.7543],[13.52044,41.77297],[13.50508,41.8016],[13.4697,41.80663],[13.45381,41.8219],[13.4169,41.83467],[13.3963,41.83403],[13.39099,41.81927],[13.37952,41.81746],[13.36683,41.83307],[13.36728,41.86333],[13.35898,41.86931],[13.38274,41.90079],[13.36525,41.92413],[13.3455,41.92218],[13.30842,41.95306],[13.28722,41.94989],[13.22666,41.9835],[13.19908,41.9865],[13.10497,42.026],[13.09661,42.02195],[13.10102,42.00799],[13.05453,42.01637],[13.04648,42.03532],[13.02662,42.05003],[13.01896,42.07398],[13.03078,42.1221],[13.0573,42.12287],[13.08592,42.14392],[13.09348,42.16065],[13.08706,42.17787],[13.11989,42.1767],[13.16971,42.15071],[13.19541,42.15779],[13.24878,42.12743],[13.26951,42.13755],[13.30529,42.13826],[13.31748,42.15365],[13.32832,42.15468],[13.32727,42.16386],[13.35457,42.16737],[13.34237,42.17681],[13.37989,42.18045],[13.34147,42.19841],[13.33189,42.20818],[13.33562,42.2224],[13.28282,42.23693],[13.26982,42.25506],[13.24256,42.26889],[13.22893,42.28718],[13.22646,42.31933],[13.15335,42.35699],[13.19416,42.38919],[13.1892,42.40022],[13.15517,42.41422],[13.11617,42.44391],[13.17842,42.47934],[13.17141,42.48512],[13.17777,42.51264],[13.16688,42.51554],[13.1558,42.54005],[13.17351,42.54545],[13.17427,42.56751],[13.19227,42.57797],[13.19136,42.58752],[13.24594,42.57271],[13.25333,42.58118],[13.27936,42.58326],[13.29328,42.56954],[13.32168,42.57863],[13.38178,42.58101],[13.39401,42.59126],[13.39035,42.60849],[13.4094,42.64018],[13.37262,42.64936],[13.34879,42.66861],[13.35886,42.69583],[13.38998,42.68716],[13.4274,42.70643],[13.437,42.69892],[13.44757,42.73184],[13.49344,42.73662],[13.504,42.75047],[13.50421,42.77474],[13.52973,42.79599],[13.53452,42.81666],[13.5747,42.80081],[13.6244,42.81654],[13.63552,42.8033],[13.6636,42.80713],[13.6993,42.82262],[13.71088,42.84336],[13.70661,42.84932],[13.90826,42.89476],[13.92098,42.89242],[13.94245,42.80902],[13.99288,42.71348],[14.10939,42.56323],[14.1854,42.49448],[14.26068,42.44037],[14.42095,42.35542],[14.41161,42.35701],[14.41015,42.34788],[14.42595,42.32591],[14.4995,42.27367],[14.5096,42.25155],[14.62079,42.19927],[14.69584,42.17558],[14.71279,42.17693],[14.72244,42.12939],[14.71827,42.10577],[14.74407,42.08464],[14.77917,42.07025],[14.7623,42.0446],[14.78301,42.03379],[14.76616,42.01845],[14.72413,42.00046],[14.66864,41.94663],[14.66376,41.91629],[14.61424,41.88919],[14.59771,41.85104],[14.56798,41.81812],[14.54973,41.8153],[14.53095,41.80069],[14.52999,41.78833],[14.48955,41.76097],[14.45479,41.76336],[14.46442,41.77701],[14.44233,41.84126],[14.39745,41.86974],[14.37887,41.86587],[14.37668,41.87993],[14.36138,41.8746],[14.35855,41.86065],[14.34301,41.86252],[14.32389,41.89629],[14.30398,41.89339],[14.2842,41.91078],[14.22656,41.87478],[14.21865,41.85731],[14.19651,41.84857],[14.19728,41.84281],[14.16617,41.84244],[14.14716,41.8273],[14.16477,41.80726],[14.17146,41.77844],[14.2012,41.76751],[14.19411,41.74929],[14.17871,41.74921],[14.17183,41.76577],[14.15944,41.7478],[14.12072,41.74518],[14.11543,41.73545],[14.12328,41.72607],[14.1072,41.70736],[14.0944,41.73794],[14.06957,41.73723],[14.05308,41.71904],[14.05325,41.7017],[14.0319,41.70206],[14.01873,41.68211],[13.98309,41.69481],[13.95554,41.69554],[13.94134,41.68801],[13.94102,41.68797]]]}},{"type":"Feature","properties":{"name":"Molise","kind":"regione"},"geometry":{"type":"Polygon","coordinates":[[[14.41933,41.43515],[14.32716,41.45344],[14.28428,41.4721],[14.29214,41.47634],[14.27913,41.48638],[14.24942,41.48455],[14.24075,41.4972],[14.17241,41.49918],[14.16496,41.47878],[14.12262,41.50729],[14.11192,41.48891],[14.08241,41.46545],[14.08681,41.45966],[14.07837,41.44708],[14.10523,41.42325],[14.10389,41.40562],[14.11367,41.38866],[14.08346,41.40015],[14.04239,41.39278],[14.02658,41.41669],[14.00071,41.43093],[14.00704,41.45188],[13.97791,41.46249],[13.99278,41.48208],[13.97269,41.49341],[13.99473,41.51292],[14.0275,41.52321],[14.00526,41.53875],[14.0207,41.54236],[14.02601,41.55533],[13.99882,41.57488],[14.01113,41.60779],[13.99667,41.62414],[13.98683,41.65641],[13.94102,41.68797],[13.95554,41.69554],[13.98309,41.69481],[14.01873,41.68211],[14.0319,41.70206],[14.05325,41.7017],[14.05308,41.71904],[14.06957,41.73723],[14.0944,41.73794],[14.1072,41.70736],[14.12328,41.72607],[14.11543,41.73545],[14.12072,41.74518],[14.15944,41.7478],[14.17183,41.76577],[14.17871,41.74921],[14.19411,41.74929],[14.2012,41.76751],[14.17146,41.77844],[14.16477,41.80726],[14.14716,41.8273],[14.16617,41.84244],[14.19728,41.84281],[14.19651,41.84857],[14.21865,41.85731],[14.22656,41.87478],[14.2842,41.91078],[14.30398,41.89339],[14.32389,41.89629],[14.34301,41.86252],[14.35855,41.86065],[14.36138,41.8746],[14.37668,41.87993],[14.37887,41.86587],[14.39745,41.86974],[14.44233,41.84126],[14.46442,41.77701],[14.45479,41.76336],[14.48955,41.76097],[14.52999,41.78833],[14.53095,41.80069],[14.54973,41.8153],[14.56798,41.81812],[14.59771,41.85104],[14.61424,41.88919],[14.66376,41.91629],[14.66864,41.94663],[14.72413,42.00046],[14.78061,42.03016],[14.7623,42.0446],[14.77917,42.07025],[14.89228,42.02352],[15.0048,42.0065],[15.00881,42.00283],[14.99918,42.00529],[15.00354,41.99187],[15.07962,41.94225],[15.13752,41.92813],[15.13167,41.90343],[15.14059,41.8791],[15.10099,41.83748],[15.11645,41.81454],[15.11701,41.79918],[15.09861,41.76517],[15.11655,41.74897],[15.10328,41.74904],[15.10188,41.74276],[15.12092,41.72075],[15.1615,41.70939],[15.11707,41.69375],[15.10246,41.67206],[15.08993,41.68182],[15.08996,41.672],[15.05025,41.65731],[15.04518,41.63695],[15.02599,41.63457],[15.02596,41.6226],[15.00811,41.62238],[14.9887,41.63781],[14.96403,41.64339],[14.9341,41.61945],[14.9464,41.60992],[14.94952,41.59178],[14.93715,41.52748],[14.96639,41.51901],[15.00762,41.48639],[14.94689,41.45608],[14.8855,41.44495],[14.86414,41.42632],[14.84312,41.42661],[14.78494,41.45209],[14.7713,41.44185],[14.7647,41.41737],[14.74813,41.40845],[14.71657,41.40076],[14.69962,41.41084],[14.66606,41.40653],[14.6617,41.39371],[14.64341,41.39402],[14.60304,41.36396],[14.56633,41.39213],[14.55129,41.37946],[14.50507,41.3825],[14.48861,41.39071],[14.47735,41.41898],[14.42632,41.43175],[14.41933,41.43515]]]}},{"type":"Feature","properties":{"name":"Puglia","kind":"regione"},"geometry":{"type":"Polygon","coordinates":[[[15.09831,41.39057],[15.08652,41.40459],[15.09172,41.41792],[15.10304,41.42086],[15.09834,41.43403],[15.07574,41.43292],[15.03244,41.45268],[15.02329,41.47733],[14.96639,41.51901],[14.93857,41.5252],[14.93588,41.54244],[14.94952,41.59178],[14.9464,41.60992],[14.9341,41.61945],[14.96403,41.64339],[14.9887,41.63781],[15.00811,41.62238],[15.02596,41.6226],[15.02599,41.63457],[15.04518,41.63695],[15.05025,41.65731],[15.08996,41.672],[15.08993,41.68182],[15.10246,41.67206],[15.11707,41.69375],[15.1615,41.70939],[15.12092,41.72075],[15.10188,41.74276],[15.10328,41.74904],[15.11655,41.74897],[15.09861,41.76517],[15.11701,41.79918],[15.11645,41.81454],[15.10099,41.83748],[15.14059,41.8791],[15.13167,41.90343],[15.13805,41.92665],[15.34071,41.91717],[15.36339,41.90321],[15.40601,41.90063],[15.61983,41.92872],[15.70131,41.91434],[15.89836,41.92999],[16.01277,41.95012],[16.08609,41.94047],[16.18523,41.88354],[16.17774,41.87989],[16.17578,41.85959],[16.19667,41.82234],[16.19544,41.79613],[16.18678,41.77261],[16.1676,41.76635],[16.14354,41.74236],[16.10473,41.7296],[16.03567,41.67842],[15.93804,41.63788],[15.94947,41.62004],[15.93566,41.63654],[15.90219,41.61626],[15.89423,41.57555],[15.90337,41.53536],[15.92634,41.49306],[15.95697,41.46162],[15.99642,41.4375],[16.21256,41.35698],[16.25973,41.32965],[16.35872,41.30473],[16.41936,41.28251],[16.45211,41.26056],[16.53123,41.23897],[16.58451,41.20753],[16.77605,41.16067],[16.8087,41.1409],[16.84541,41.1398],[16.85159,41.13014],[16.87089,41.13571],[16.85378,41.14542],[16.86822,41.14315],[16.87973,41.12237],[17.09075,41.06329],[17.17622,41.02851],[17.20569,41.00149],[17.30177,40.95828],[17.35002,40.90611],[17.38921,40.89225],[17.4783,40.82967],[17.55713,40.79883],[17.70723,40.75819],[17.83879,40.69126],[17.92582,40.67946],[17.93608,40.68603],[17.95383,40.66395],[17.97643,40.663],[17.96769,40.65703],[17.96227,40.66255],[17.95203,40.64741],[17.9272,40.6398],[17.9507,40.63702],[17.95333,40.64503],[17.96911,40.64949],[18.01412,40.64177],[18.01788,40.62238],[18.04484,40.59763],[18.03744,40.56397],[18.07425,40.53901],[18.08078,40.52543],[18.12683,40.49293],[18.20274,40.46733],[18.23459,40.4483],[18.301,40.39455],[18.31491,40.3745],[18.35915,40.3452],[18.38481,40.31579],[18.42477,40.29146],[18.46447,40.22506],[18.46054,40.19901],[18.47774,40.17987],[18.4897,40.14705],[18.51364,40.13835],[18.5068,40.12483],[18.52038,40.10708],[18.48306,40.07722],[18.47444,40.04368],[18.43569,40.02467],[18.43166,40.0006],[18.41706,39.99461],[18.40807,39.97743],[18.39022,39.90736],[18.39875,39.87961],[18.38464,39.841],[18.39122,39.81881],[18.36899,39.79376],[18.33399,39.7958],[18.32552,39.80745],[18.26563,39.83569],[18.20271,39.83925],[18.08594,39.90065],[18.01302,39.96941],[17.99319,40.00007],[18.00582,39.99566],[18.01462,40.00267],[18.01724,40.03191],[18.00412,40.04736],[17.97293,40.05497],[18.00388,40.07091],[18.01135,40.08592],[18.00992,40.10906],[17.98605,40.1398],[17.92534,40.18396],[17.9179,40.20057],[17.92459,40.22384],[17.89523,40.25061],[17.90976,40.2413],[17.90742,40.25237],[17.86054,40.28399],[17.68133,40.30445],[17.50836,40.29486],[17.49477,40.30996],[17.45803,40.31698],[17.44284,40.32981],[17.39508,40.33238],[17.37548,40.34808],[17.27898,40.37965],[17.22282,40.40888],[17.20576,40.40851],[17.2089,40.42111],[17.23251,40.42468],[17.24685,40.43753],[17.24811,40.46041],[17.22664,40.47952],[17.18516,40.47972],[17.18064,40.49323],[17.16598,40.50086],[17.15507,40.49659],[17.16264,40.50611],[17.14475,40.49491],[17.14636,40.50956],[17.11296,40.51976],[17.06857,40.51766],[16.98974,40.49221],[16.92365,40.45226],[16.86717,40.39785],[16.86138,40.39993],[16.81016,40.43304],[16.80282,40.45744],[16.75833,40.46302],[16.75414,40.47009],[16.74374,40.46472],[16.72022,40.47982],[16.73634,40.51077],[16.7167,40.5236],[16.72158,40.53716],[16.70574,40.5544],[16.71177,40.59283],[16.72826,40.60142],[16.71423,40.61428],[16.71014,40.63022],[16.7272,40.68838],[16.69649,40.70261],[16.70448,40.71124],[16.70871,40.70542],[16.7249,40.71383],[16.66336,40.74887],[16.66152,40.73683],[16.65286,40.7363],[16.63308,40.75339],[16.59436,40.75264],[16.58558,40.76259],[16.57456,40.7618],[16.56687,40.75333],[16.57798,40.742],[16.56829,40.73716],[16.55261,40.75801],[16.53129,40.74517],[16.53969,40.7252],[16.50105,40.76229],[16.47538,40.73395],[16.43,40.70397],[16.40015,40.70741],[16.38479,40.73274],[16.34689,40.75199],[16.24303,40.83846],[16.20246,40.91753],[16.16297,40.92858],[16.13807,40.91835],[16.12107,40.89772],[16.09188,40.92098],[15.97663,40.95845],[15.97181,40.97213],[16.00835,40.97209],[16.02704,40.99121],[16.02793,41.02408],[16.0399,41.03414],[16.00937,41.05724],[15.99869,41.05477],[15.97773,41.09328],[15.95414,41.09312],[15.95996,41.10005],[15.95415,41.10944],[15.9214,41.11154],[15.87025,41.13992],[15.86502,41.13097],[15.85462,41.13306],[15.84259,41.12377],[15.83361,41.13005],[15.82508,41.11838],[15.80357,41.11089],[15.79873,41.09198],[15.79055,41.08784],[15.76801,41.08325],[15.74171,41.09934],[15.68405,41.08675],[15.58574,41.09826],[15.54024,41.07223],[15.54287,41.05586],[15.47786,41.07861],[15.4461,41.07801],[15.39638,41.10682],[15.3664,41.08489],[15.31436,41.10389],[15.2978,41.0944],[15.28257,41.09733],[15.20848,41.1557],[15.22354,41.18194],[15.26242,41.19763],[15.24618,41.23611],[15.2791,41.2428],[15.2504,41.27046],[15.22044,41.26519],[15.21574,41.27594],[15.19974,41.27945],[15.201,41.28627],[15.14916,41.28045],[15.12677,41.30295],[15.13056,41.31719],[15.07219,41.33246],[15.05847,41.37213],[15.07995,41.38811],[15.09636,41.3903],[15.09831,41.39057]]]}},{"type":"Feature","properties":{"name":"Basilicata","kind":"regione"},"geometry":{"type":"Polygon","coordinates":[[[15.46575,40.63359],[15.49884,40.65296],[15.50364,40.66367],[15.43035,40.69207],[15.40989,40.71287],[15.38148,40.72415],[15.37906,40.75093],[15.39111,40.76725],[15.38134,40.78167],[15.3877,40.79346],[15.36611,40.80048],[15.3805,40.81095],[15.36646,40.81214],[15.33497,40.83488],[15.37727,40.83603],[15.37795,40.86764],[15.35524,40.87089],[15.35416,40.88265],[15.37263,40.88572],[15.38811,40.87562],[15.42872,40.87961],[15.46081,40.86715],[15.47302,40.87434],[15.46763,40.8896],[15.52724,40.90783],[15.54374,40.94766],[15.56827,40.97565],[15.56958,41.00197],[15.55876,41.02158],[15.56324,41.03075],[15.5393,41.07038],[15.56029,41.0885],[15.58574,41.09826],[15.6133,41.09823],[15.68405,41.08675],[15.73937,41.09941],[15.7684,41.08319],[15.79776,41.09102],[15.80357,41.11089],[15.82508,41.11838],[15.83174,41.12913],[15.84497,41.1243],[15.87025,41.13992],[15.9214,41.11154],[15.95415,41.10944],[15.95996,41.10005],[15.95414,41.09312],[15.97773,41.09328],[15.99869,41.05477],[16.00937,41.05724],[16.0399,41.03414],[16.02793,41.02408],[16.02704,40.99121],[16.00835,40.97209],[15.97181,40.97213],[15.97663,40.95845],[16.09188,40.92098],[16.12107,40.89772],[16.13807,40.91835],[16.16297,40.92858],[16.20246,40.91753],[16.24303,40.83846],[16.34689,40.75199],[16.38479,40.73274],[16.40015,40.70741],[16.43,40.70397],[16.47538,40.73395],[16.50105,40.76229],[16.53838,40.72541],[16.54402,40.72554],[16.53129,40.74517],[16.53687,40.7529],[16.55447,40.75765],[16.57244,40.73694],[16.57798,40.742],[16.56834,40.75791],[16.58558,40.76259],[16.59436,40.75264],[16.63308,40.75339],[16.65286,40.7363],[16.66152,40.73683],[16.66336,40.74887],[16.7249,40.71383],[16.70871,40.70542],[16.70448,40.71124],[16.69649,40.70261],[16.7272,40.68838],[16.71014,40.63022],[16.71423,40.61428],[16.72826,40.60142],[16.71177,40.59283],[16.70574,40.5544],[16.72158,40.53716],[16.7167,40.5236],[16.73634,40.51077],[16.72022,40.47982],[16.74374,40.46472],[16.75414,40.47009],[16.75833,40.46302],[16.80282,40.45744],[16.81016,40.43304],[16.83373,40.41237],[16.86717,40.39785],[16.78199,40.29587],[16.73254,40.20282],[16.68573,40.14738],[16.64526,40.11813],[16.62294,40.13138],[16.58731,40.13346],[16.53001,40.11809],[16.51772,40.12871],[16.43955,40.13022],[16.42112,40.14393],[16.41992,40.12852],[16.40974,40.11999],[16.41424,40.08068],[16.39364,40.0451],[16.39838,40.01694],[16.33991,39.93727],[16.35966,39.9196],[16.35141,39.89902],[16.31624,39.92912],[16.26673,39.93488],[16.21428,39.9266],[16.21469,39.89598],[16.15804,39.91968],[16.13797,39.90141],[16.10137,39.90642],[16.08104,39.89629],[16.04902,39.8948],[16.04153,39.91211],[16.01653,39.92575],[16.02192,39.93413],[16.0068,39.95731],[16.03359,39.98235],[16.0302,39.99349],[16.0086,39.99648],[16.00224,39.98818],[15.97821,39.98374],[15.92802,40.00107],[15.89777,39.98167],[15.88967,39.99458],[15.86835,39.98804],[15.84775,40.00592],[15.82005,40.00187],[15.7948,39.97137],[15.77398,39.96151],[15.76586,39.9306],[15.75592,39.92356],[15.73617,39.94229],[15.73241,39.96238],[15.67505,40.01461],[15.67533,40.03001],[15.66446,40.03958],[15.64449,40.04158],[15.67616,40.0549],[15.66859,40.07325],[15.65163,40.07858],[15.67698,40.08447],[15.70583,40.11773],[15.70922,40.13987],[15.70051,40.15828],[15.71649,40.16959],[15.71253,40.17844],[15.72801,40.1859],[15.73448,40.20168],[15.75121,40.2018],[15.7952,40.22138],[15.78782,40.23737],[15.80385,40.25068],[15.79962,40.26778],[15.80636,40.27323],[15.7897,40.29003],[15.74764,40.29922],[15.72688,40.31545],[15.70475,40.34224],[15.70981,40.37594],[15.70064,40.38384],[15.67099,40.39827],[15.66273,40.39249],[15.64798,40.41401],[15.58673,40.4436],[15.5759,40.46959],[15.53886,40.48805],[15.53523,40.49964],[15.55047,40.50925],[15.53531,40.52226],[15.542,40.5324],[15.52882,40.5564],[15.53934,40.56806],[15.51989,40.57049],[15.51013,40.58575],[15.47402,40.59265],[15.44947,40.6091],[15.46528,40.63094],[15.46575,40.63359]]]}},{"type":"Feature","properties":{"name":"Calabria","kind":"regione"},"geometry":{"type":"Polygon","coordinates":[[[15.97417,39.46757],[15.9252,39.52653],[15.87559,39.55198],[15.83184,39.66777],[15.81628,39.67974],[15.78548,39.81664],[15.76906,39.83558],[15.78907,39.84946],[15.79216,39.8602],[15.77898,39.89367],[15.75592,39.92356],[15.76586,39.9306],[15.7736,39.96116],[15.7948,39.97137],[15.82005,40.00187],[15.84775,40.00592],[15.86835,39.98804],[15.88967,39.99458],[15.89777,39.98167],[15.92802,40.00107],[15.97821,39.98374],[16.02014,39.99621],[16.0302,39.99349],[16.03381,39.98276],[16.00688,39.95694],[16.02192,39.93413],[16.01653,39.92575],[16.04153,39.91211],[16.04902,39.8948],[16.08104,39.89629],[16.10137,39.90642],[16.13797,39.90141],[16.15804,39.91968],[16.21469,39.89598],[16.21428,39.9266],[16.26673,39.93488],[16.31624,39.92912],[16.3506,39.89873],[16.35966,39.9196],[16.33991,39.93727],[16.39838,40.01694],[16.39364,40.0451],[16.41424,40.08068],[16.40974,40.11999],[16.41992,40.12852],[16.42112,40.14393],[16.43955,40.13022],[16.51772,40.12871],[16.53001,40.11809],[16.58566,40.13337],[16.62686,40.13006],[16.64376,40.11705],[16.60566,40.07998],[16.59902,40.03956],[16.62753,39.9588],[16.53826,39.87076],[16.5023,39.82594],[16.48913,39.79639],[16.49219,39.75151],[16.5294,39.72444],[16.51812,39.66796],[16.525,39.65919],[16.52923,39.66649],[16.56659,39.64126],[16.61865,39.62195],[16.77042,39.62079],[16.81301,39.59209],[16.83338,39.56137],[16.8666,39.53862],[16.96145,39.49523],[17.02162,39.48391],[17.0463,39.44428],[17.08055,39.42201],[17.11864,39.40561],[17.15692,39.40136],[17.13621,39.37538],[17.1098,39.30862],[17.10738,39.25088],[17.14791,39.20586],[17.11603,39.1414],[17.10834,39.10699],[17.11505,39.09104],[17.13586,39.08351],[17.12718,39.09552],[17.13515,39.08698],[17.13209,39.06536],[17.14636,39.04728],[17.17468,39.03248],[17.20653,39.02846],[17.1662,38.99693],[17.15977,38.97939],[17.16889,38.95485],[17.09415,38.89262],[17.09344,38.90559],[17.0826,38.91311],[17.04209,38.91891],[17.02211,38.90598],[16.98613,38.93662],[16.95127,38.93768],[16.79137,38.90133],[16.61454,38.81936],[16.57122,38.77197],[16.5703,38.75526],[16.53489,38.71319],[16.53665,38.70245],[16.55873,38.68135],[16.55644,38.65499],[16.57982,38.50167],[16.58269,38.45534],[16.56447,38.41957],[16.4673,38.34051],[16.34326,38.30307],[16.31799,38.28811],[16.16522,38.13582],[16.14344,38.02918],[16.11336,37.97685],[16.06446,37.92563],[15.99533,37.91674],[15.92016,37.9297],[15.76432,37.91637],[15.67842,37.95393],[15.6371,38.00624],[15.63444,38.0199],[15.6527,38.02907],[15.65716,38.04009],[15.64818,38.05362],[15.65195,38.06619],[15.63466,38.07578],[15.63076,38.10183],[15.65632,38.13495],[15.63401,38.18584],[15.63281,38.22225],[15.63593,38.23175],[15.69288,38.25107],[15.74919,38.25711],[15.79351,38.28014],[15.82492,38.31488],[15.833,38.35613],[15.85955,38.38225],[15.87596,38.42225],[15.89015,38.43883],[15.90764,38.4452],[15.90206,38.44637],[15.91637,38.47041],[15.91097,38.47256],[15.89178,38.44536],[15.91053,38.47755],[15.9306,38.54684],[15.8442,38.61318],[15.82706,38.61894],[15.83597,38.64489],[15.87141,38.67232],[15.94843,38.69134],[15.98642,38.72316],[16.04125,38.72718],[16.1062,38.71198],[16.13894,38.71978],[16.18853,38.75612],[16.21952,38.83901],[16.21603,38.92485],[16.15794,38.95017],[16.1355,38.991],[16.09915,39.02919],[16.06631,39.14131],[16.05222,39.29481],[16.01674,39.39496],[15.97944,39.46243],[15.97417,39.46757]]]}},{"type":"Feature","properties":{"name":"Sicilia","kind":"regione"},"geometry":{"type":"Polygon","coordinates":[[[12.90787,38.02511],[12.98454,38.04274],[13.0778,38.08772],[13.06825,38.11968],[13.05303,38.13713],[13.07221,38.14166],[13.07025,38.14836],[13.08484,38.1614],[13.07877,38.17383],[13.10533,38.19049],[13.16004,38.18581],[13.16306,38.17108],[13.19139,38.16933],[13.23753,38.18633],[13.24178,38.20034],[13.27228,38.19876],[13.31484,38.22456],[13.32961,38.19923],[13.36572,38.18228],[13.37622,38.15218],[13.36967,38.14421],[13.3749,38.12853],[13.36891,38.1355],[13.36267,38.12984],[13.38426,38.10866],[13.44272,38.09481],[13.5044,38.1077],[13.50744,38.11945],[13.53788,38.11255],[13.53377,38.10208],[13.54217,38.07778],[13.53649,38.06709],[13.56524,38.03986],[13.65106,37.99853],[13.70864,37.99119],[13.72349,37.98555],[13.70364,37.98993],[13.7084,37.97878],[13.74496,37.97014],[13.83518,37.98289],[13.94564,38.02864],[14.00608,38.03244],[14.02278,38.04134],[14.06512,38.0185],[14.11041,38.01488],[14.1461,38.02669],[14.28846,38.00701],[14.34159,38.0192],[14.37283,38.01584],[14.42687,38.04055],[14.47043,38.03299],[14.52205,38.04165],[14.55642,38.06012],[14.58523,38.059],[14.61744,38.07322],[14.63643,38.07327],[14.67834,38.09949],[14.74859,38.16584],[14.78712,38.15154],[14.89062,38.17247],[14.91465,38.1919],[14.97307,38.15177],[15.04718,38.14916],[15.05617,38.13151],[15.09659,38.12104],[15.17377,38.15337],[15.21131,38.18557],[15.24118,38.24357],[15.23588,38.26601],[15.2246,38.27033],[15.2381,38.26985],[15.25184,38.25191],[15.24135,38.21692],[15.29283,38.20638],[15.42912,38.24239],[15.5168,38.29565],[15.54141,38.30144],[15.58924,38.28009],[15.6533,38.26772],[15.58218,38.24536],[15.55759,38.19038],[15.56693,38.19063],[15.56643,38.19776],[15.57461,38.19322],[15.53286,38.14609],[15.4936,38.07461],[15.34935,37.9234],[15.34596,37.91017],[15.30596,37.87787],[15.2966,37.86238],[15.30189,37.85281],[15.27309,37.83581],[15.26894,37.82822],[15.27536,37.82153],[15.21382,37.7565],[15.20494,37.7374],[15.21835,37.70837],[15.19921,37.67674],[15.19919,37.65434],[15.17472,37.63276],[15.17714,37.57626],[15.14311,37.54359],[15.11504,37.53066],[15.11745,37.52347],[15.09861,37.50121],[15.09985,37.4839],[15.09577,37.50141],[15.0862,37.48221],[15.09097,37.35864],[15.10004,37.31678],[15.10527,37.31018],[15.13473,37.30953],[15.16164,37.28929],[15.17162,37.29319],[15.18913,37.28177],[15.20616,37.29342],[15.2556,37.2414],[15.24716,37.23203],[15.23116,37.24292],[15.2238,37.23889],[15.23245,37.19845],[15.21655,37.22415],[15.21281,37.24656],[15.19746,37.23541],[15.18595,37.23643],[15.19493,37.22618],[15.18321,37.21578],[15.18494,37.19547],[15.20132,37.17824],[15.20626,37.15317],[15.22105,37.15017],[15.23361,37.15913],[15.24409,37.14639],[15.22924,37.15261],[15.22012,37.14337],[15.22119,37.12838],[15.23695,37.11544],[15.26344,37.10611],[15.29575,37.10674],[15.3,37.07943],[15.29028,37.06646],[15.2972,37.058],[15.27452,37.06234],[15.27564,37.03938],[15.28929,37.03262],[15.30328,37.04293],[15.33656,37.00713],[15.33506,37.00171],[15.31477,37.00369],[15.30172,37.01531],[15.27534,37.00716],[15.26459,36.9969],[15.26903,36.98702],[15.25663,36.98023],[15.26167,36.97431],[15.21408,36.96385],[15.15343,36.91446],[15.13679,36.86626],[15.11237,36.85091],[15.10604,36.8064],[15.09551,36.79551],[15.10307,36.75786],[15.1195,36.74476],[15.12321,36.70259],[15.13844,36.68249],[15.13196,36.66681],[15.11608,36.67477],[15.07976,36.64771],[15.05714,36.66193],[15.04388,36.68772],[15.01796,36.70202],[14.95662,36.69409],[14.91027,36.72431],[14.87686,36.7311],[14.78105,36.70368],[14.77764,36.71084],[14.75772,36.71038],[14.74659,36.72007],[14.69125,36.7208],[14.63912,36.76106],[14.58829,36.77699],[14.49295,36.78658],[14.46004,36.81468],[14.44416,36.87002],[14.38292,36.95625],[14.30834,37.02782],[14.27063,37.05039],[14.26312,37.04561],[14.26843,37.0519],[14.25862,37.05827],[14.15467,37.09572],[14.07827,37.11003],[13.97788,37.109],[13.93367,37.09525],[13.87892,37.10255],[13.82468,37.14425],[13.7504,37.14944],[13.72832,37.16894],[13.66161,37.19397],[13.64356,37.22574],[13.59565,37.25717],[13.57676,37.26092],[13.55552,37.28544],[13.50659,37.29171],[13.47922,37.287],[13.42926,37.3039],[13.40296,37.33244],[13.3506,37.35854],[13.32173,37.36373],[13.29255,37.39044],[13.27168,37.39142],[13.25559,37.42231],[13.16891,37.49199],[13.13028,37.49259],[13.07672,37.5055],[13.02002,37.49558],[12.99358,37.53551],[12.96268,37.56275],[12.91772,37.5771],[12.90667,37.57235],[12.8583,37.58263],[12.78139,37.58085],[12.67346,37.56004],[12.64923,37.57811],[12.60383,37.64234],[12.55953,37.6628],[12.51771,37.6608],[12.47046,37.70491],[12.47007,37.74704],[12.42546,37.80312],[12.44101,37.81577],[12.44201,37.81045],[12.46169,37.8173],[12.4683,37.82923],[12.46474,37.84747],[12.48587,37.87368],[12.45856,37.90802],[12.49356,37.95273],[12.49439,37.98403],[12.50661,37.99407],[12.51043,38.00999],[12.51988,38.00929],[12.49274,38.01582],[12.52084,38.02304],[12.56967,38.06887],[12.60015,38.06513],[12.64493,38.0786],[12.66287,38.0945],[12.6608,38.11193],[12.70999,38.10879],[12.73744,38.13936],[12.71593,38.17287],[12.7258,38.18715],[12.73402,38.1895],[12.73167,38.18024],[12.73857,38.17588],[12.76815,38.17956],[12.76841,38.15442],[12.79089,38.13475],[12.79008,38.11192],[12.81096,38.0813],[12.85418,38.05021],[12.86874,38.05075],[12.88116,38.02946],[12.90705,38.02499],[12.90787,38.02511]]]}},{"type":"Feature","properties":{"name":"Sardegna","kind":"regione"},"geometry":{"type":"Polygon","coordinates":[[[8.36788,40.49643],[8.33776,40.50009],[8.30943,40.56068],[8.31714,40.57176],[8.29504,40.59298],[8.24719,40.58246],[8.24382,40.56987],[8.20327,40.56903],[8.19788,40.57626],[8.21951,40.60101],[8.20949,40.61483],[8.19574,40.61835],[8.17306,40.59423],[8.17151,40.58162],[8.16295,40.58097],[8.1644,40.56032],[8.14982,40.58553],[8.1436,40.62367],[8.18655,40.63907],[8.19629,40.67747],[8.20472,40.68048],[8.20323,40.68834],[8.17475,40.69471],[8.16949,40.70874],[8.13312,40.73118],[8.16597,40.7672],[8.16062,40.79089],[8.18436,40.81208],[8.2186,40.86951],[8.22183,40.89205],[8.17593,40.9352],[8.20171,40.97273],[8.23638,40.94934],[8.22756,40.93857],[8.23857,40.90297],[8.30155,40.85116],[8.34314,40.84145],[8.35015,40.85035],[8.38472,40.85116],[8.35223,40.8505],[8.34811,40.84059],[8.41754,40.83993],[8.45189,40.82091],[8.49596,40.82059],[8.59132,40.84287],[8.6245,40.86389],[8.633,40.88232],[8.69977,40.91479],[8.79039,40.92244],[8.86604,40.98736],[8.87657,41.00948],[8.86936,41.01454],[8.88824,41.01728],[8.88221,41.02822],[8.92939,41.04344],[8.98152,41.08663],[9.01188,41.12379],[9.04633,41.13808],[9.06051,41.12752],[9.10772,41.13395],[9.12287,41.14697],[9.12058,41.15518],[9.15909,41.16087],[9.17125,41.17514],[9.15411,41.19725],[9.16708,41.22899],[9.15997,41.23583],[9.14359,41.23244],[9.13836,41.23856],[9.14424,41.24695],[9.16537,41.23642],[9.18095,41.24803],[9.19492,41.24048],[9.21506,41.25504],[9.23532,41.25822],[9.23701,41.24604],[9.27954,41.22881],[9.28162,41.21786],[9.26995,41.19677],[9.27672,41.19317],[9.28786,41.21942],[9.29853,41.20356],[9.29004,41.19332],[9.31538,41.19198],[9.32034,41.20307],[9.33187,41.18532],[9.34149,41.19224],[9.33078,41.19451],[9.34184,41.20592],[9.36331,41.20758],[9.37024,41.18324],[9.38086,41.1877],[9.38552,41.18074],[9.42328,41.17721],[9.42229,41.16626],[9.40556,41.15707],[9.42961,41.15496],[9.43214,41.14087],[9.44348,41.13519],[9.44102,41.10458],[9.45013,41.10439],[9.47055,41.12822],[9.46666,41.14298],[9.51889,41.14263],[9.51204,41.15146],[9.52168,41.15671],[9.53719,41.13983],[9.526,41.13428],[9.54579,41.13369],[9.54042,41.11444],[9.56688,41.11578],[9.56158,41.08412],[9.54918,41.07881],[9.54271,41.08976],[9.53521,41.08249],[9.52894,41.06874],[9.54119,41.06499],[9.52325,41.05186],[9.52258,41.03138],[9.50528,41.00911],[9.52111,41.00985],[9.52972,41.01788],[9.52725,41.0271],[9.56105,41.03767],[9.5509,41.00694],[9.55548,41.00377],[9.57687,41.00289],[9.58014,41.01393],[9.58636,41.01089],[9.5942,41.02175],[9.63105,41.00209],[9.65538,41.00434],[9.66437,40.99445],[9.64666,40.98535],[9.6112,41.00316],[9.58484,40.98639],[9.58357,40.97584],[9.59386,40.96789],[9.56815,40.94244],[9.57499,40.92821],[9.53913,40.92587],[9.52708,40.93344],[9.50824,40.92869],[9.52431,40.92227],[9.50842,40.92394],[9.50225,40.91331],[9.56113,40.92079],[9.58866,40.89961],[9.61238,40.91927],[9.64413,40.92002],[9.61774,40.88942],[9.63587,40.8839],[9.64256,40.87309],[9.65424,40.8796],[9.65291,40.86285],[9.66518,40.85329],[9.6813,40.86114],[9.70421,40.84257],[9.72725,40.84333],[9.70864,40.83163],[9.68586,40.83532],[9.68216,40.82134],[9.69181,40.81117],[9.67369,40.80446],[9.67139,40.78467],[9.68669,40.7665],[9.71774,40.75055],[9.71208,40.73963],[9.71577,40.70894],[9.75041,40.67784],[9.74195,40.63449],[9.75176,40.60087],[9.79077,40.56981],[9.79577,40.54474],[9.82839,40.52844],[9.81682,40.48776],[9.79259,40.44306],[9.77402,40.42679],[9.7644,40.39087],[9.73031,40.37534],[9.68231,40.33697],[9.63642,40.28277],[9.62387,40.2523],[9.62971,40.19045],[9.65656,40.14233],[9.68894,40.10849],[9.72823,40.09108],[9.73568,40.07749],[9.70609,40.03427],[9.6871,39.98399],[9.68717,39.94789],[9.69974,39.93591],[9.71137,39.93927],[9.71594,39.92976],[9.71304,39.9219],[9.69136,39.91729],[9.68212,39.90051],[9.68258,39.87001],[9.69673,39.85343],[9.68411,39.83979],[9.67006,39.78572],[9.67649,39.71089],[9.65998,39.69743],[9.66136,39.67824],[9.64719,39.6517],[9.65762,39.58023],[9.63192,39.50368],[9.64404,39.48612],[9.64546,39.46111],[9.60783,39.38802],[9.59804,39.35206],[9.60388,39.32048],[9.63393,39.29899],[9.60681,39.29407],[9.58196,39.26479],[9.56298,39.1985],[9.5789,39.17559],[9.56156,39.13847],[9.52095,39.11764],[9.52379,39.09467],[9.50249,39.10984],[9.5095,39.12167],[9.50272,39.13124],[9.48383,39.13535],[9.43765,39.12201],[9.40852,39.1432],[9.39227,39.14459],[9.38426,39.16271],[9.34737,39.18026],[9.32163,39.20411],[9.21295,39.22733],[9.16716,39.20584],[9.15986,39.19367],[9.16952,39.18883],[9.16078,39.1818],[9.13993,39.18898],[9.11088,39.21357],[9.07029,39.19897],[9.03925,39.17338],[9.00886,39.12309],[9.01661,39.08655],[9.05393,39.08522],[9.02515,39.08105],[9.04571,39.05597],[9.02438,39.02018],[9.02696,39.00076],[8.8552,38.87584],[8.8346,38.8767],[8.80598,38.89966],[8.7996,38.89729],[8.80052,38.88412],[8.77857,38.90374],[8.78181,38.91162],[8.7203,38.9365],[8.71859,38.92613],[8.68164,38.90935],[8.66412,38.91251],[8.67026,38.89716],[8.65427,38.8979],[8.64835,38.89037],[8.65851,38.88195],[8.65799,38.87065],[8.64011,38.86497],[8.64639,38.89422],[8.60766,38.89337],[8.60705,38.9041],[8.62069,38.92054],[8.61903,38.94874],[8.60337,38.96301],[8.5868,38.95565],[8.58931,38.96401],[8.56615,38.99708],[8.57493,39.03206],[8.5649,39.04543],[8.54854,39.04444],[8.53072,39.05934],[8.49775,39.06321],[8.46833,39.05524],[8.45276,39.02473],[8.44194,38.96813],[8.41424,38.95529],[8.40454,38.961],[8.36389,39.0319],[8.34993,39.07849],[8.35808,39.08755],[8.35075,39.09751],[8.36998,39.11407],[8.38038,39.09964],[8.42618,39.1091],[8.43378,39.0952],[8.45649,39.08374],[8.46658,39.05742],[8.47801,39.06095],[8.48846,39.08474],[8.46646,39.11871],[8.43976,39.11497],[8.43653,39.1565],[8.414,39.17214],[8.40939,39.16495],[8.41736,39.14785],[8.41136,39.14951],[8.3994,39.19411],[8.3686,39.21639],[8.36698,39.22832],[8.42405,39.26837],[8.43679,39.28993],[8.43179,39.31082],[8.41794,39.32351],[8.42037,39.33259],[8.39574,39.33951],[8.38897,39.36308],[8.37321,39.37399],[8.40423,39.40787],[8.41269,39.42809],[8.4109,39.44118],[8.38222,39.45668],[8.38748,39.47583],[8.45039,39.54467],[8.47057,39.59894],[8.45028,39.63346],[8.45666,39.67012],[8.44477,39.67774],[8.45529,39.71048],[8.447,39.71754],[8.44397,39.7581],[8.45117,39.76936],[8.45984,39.76846],[8.49907,39.71733],[8.48858,39.71559],[8.50293,39.71416],[8.50605,39.73034],[8.52108,39.74601],[8.51188,39.75308],[8.54537,39.79519],[8.55554,39.84859],[8.55266,39.86092],[8.54582,39.86034],[8.56949,39.86374],[8.54424,39.86601],[8.52967,39.89886],[8.50568,39.90786],[8.48971,39.9021],[8.49186,39.90962],[8.46646,39.90362],[8.44193,39.88002],[8.4355,39.85797],[8.43857,39.87529],[8.43212,39.88697],[8.39881,39.90374],[8.40136,39.95699],[8.39389,39.97991],[8.4105,39.99903],[8.41408,40.017],[8.40188,40.03253],[8.38093,40.02962],[8.37724,40.03573],[8.39912,40.05127],[8.41242,40.0412],[8.43793,40.05233],[8.4537,40.05081],[8.49278,40.08655],[8.4849,40.11778],[8.4583,40.15414],[8.45616,40.17703],[8.46742,40.19999],[8.46533,40.22784],[8.48378,40.2744],[8.45943,40.31826],[8.44302,40.31857],[8.42688,40.33494],[8.38264,40.339],[8.37932,40.3602],[8.40153,40.4091],[8.36951,40.49533],[8.36788,40.49643]]]}}]}